,mass,atom_types,Cv_molar_250.00,Cv_gravimetric_250.00,Cv_molar_275.00,Cv_gravimetric_275.00,Cv_molar_300.00,Cv_gravimetric_300.00,Cv_molar_325.00,Cv_gravimetric_325.00,Cv_molar_350.00,Cv_gravimetric_350.00,Cv_molar_375.00,Cv_gravimetric_375.00,Cv_molar_400.00,Cv_gravimetric_400.00,structure_type
12022N2,2283.0963200000047,"{1.0, 5.0, 6.0, 7.0, 8.0, 30.0}",8.286130960157925,0.7911959445120668,9.069602634885728,0.8660052390628374,9.830722866599457,0.9386803202935727,10.564778820907469,1.0087711862098852,11.26821332946147,1.0759381828544998,11.938615000649035,1.1399510600330187,12.57462684322942,1.2006802462999058,COF
13180N3,872.8378800000005,"{8.0, 1.0, 6.0, 7.0}",7.477927051882217,0.8396024827479496,8.240733831247388,0.9252484727888339,8.987791601472548,1.0091262044496845,9.713325326023002,1.0905872714303528,10.412548238458523,1.1690942278638672,11.081901539258714,1.2442475008616187,11.719076440097146,1.3157878655879596,COF
13181N3,904.9874800000007,"{1.0, 6.0, 7.0, 8.0, 14.0}",8.020888851731144,0.8685723557961835,8.757656434376088,0.9483560265042075,9.478630470959173,1.0264294332049746,10.178461666024198,1.1022133071612998,10.852673916528945,1.1752229365867424,11.497929794442468,1.2450969154350744,12.112071397579767,1.3116015670877748,COF
16050N2,2029.4295999999997,"{1.0, 5.0, 6.0, 7.0, 8.0, 28.0}",7.862488948308091,0.736104814958123,8.673618726387323,0.8120447036022297,9.46140953159038,0.8857995423946573,10.220992980456334,0.9569135417590754,10.948731313240275,1.0250461260226285,11.642146291178458,1.0899652766096972,12.29981443017938,1.1515377235722206,COF
18150N2,1672.4542799999997,"{1.0, 6.0, 7.0, 8.0, 17.0}",9.720575852109393,0.7555811096816478,10.451998844400427,0.8124346752080157,11.151412556536181,0.8668001569224983,11.819037124539493,0.9186946660151059,12.454744525918775,0.968108251287707,13.058391425718966,1.0150297713032046,13.630033816549227,1.059463578371422,COF
19000N3,1490.0233600000013,"{16.0, 1.0, 6.0, 7.0}",7.225196697760504,0.8146402786757407,7.9482779467576155,0.8961676245500462,8.662418937606704,0.9766869571212125,9.360840447581545,1.0554339196357956,10.037843073009268,1.1317659048416233,10.689098215051391,1.2051948636084686,11.31167301002867,1.2753901158199392,COF
20560N3,1327.0313760000008,"{1.0, 5.0, 6.0, 8.0, 15.0}",7.999026455119307,0.7233311826489296,8.838402987605523,0.7992338219685486,9.64766241137873,0.8724130493847849,10.42190504135227,0.9424257991035411,11.157587846097165,1.0089516839967008,11.852612858672304,1.0718009903638297,12.506199853572578,1.1309031644393528,COF
20561N3,1614.8787872000003,"{1.0, 5.0, 6.0, 8.0, 9.0, 15.0}",9.284241040817474,0.6899025076859321,10.228877800918893,0.7600975044316112,11.116353305886275,0.8260449064534922,11.947126554553588,0.887778821488027,12.72235266282159,0.9453850850228016,13.443794416416731,0.9989946878720183,14.11372030670568,1.048776199321594,COF
21000N2,2952.992880000001,"{1.0, 35.0, 6.0, 7.0}",7.533014454672851,0.6122342797932799,8.228053751433793,0.6687225403483226,8.905362628918942,0.7237697880736323,9.560819481964007,0.7770410457851699,10.191177624364004,0.8282724440051342,10.794125478049457,0.8772761127456117,11.368242005564806,0.9239365593511192,COF
AFI,1442.0231999999992,"{8.0, 14.0}",12.947415280506208,0.6464624842349607,13.895679251338878,0.6938091606961662,14.762337969162047,0.7370812992326808,15.552919266018352,0.7765549036612739,16.272611777824753,0.8124890417875267,16.926591368440782,0.845142143710127,17.520065133463383,0.8747741989236819,zeo
AFR,1922.6975999999966,"{8.0, 14.0}",12.838958648980293,0.6410472610472444,13.810310376744619,0.6895467057157016,14.695705880290644,0.7337543691259116,15.50165312049964,0.7739951927791286,16.234131351350687,0.8105677199210468,16.89891914183857,0.8437604736264848,17.50167006025099,0.8738557357038872,zeo
ITT,2763.877800000003,"{8.0, 14.0}",13.34833438933898,0.6664803146249003,14.267343423648207,0.7123662965357768,15.10892156792874,0.7543861658334402,15.877994019824424,0.7927858368903894,16.579224871855946,0.827798187139865,17.21733708010163,0.859659033063626,17.79714849379414,0.8886089291442584,zeo
LTA,1442.0231999999992,"{8.0, 14.0}",12.423919309562718,0.6203244096825323,13.353109274595518,0.6667187239226648,14.201514150049395,0.7090794508739922,14.975188822569944,0.7477089101097933,15.679607070898738,0.7828804065737013,16.32003803352343,0.8148570275524609,16.901651931363702,0.8438969213936276,zeo
LTL,2163.0347999999967,"{8.0, 14.0}",13.199268614538141,0.6590374830632043,14.125732265072397,0.7052956728332902,14.973619229043853,0.7476305405427313,15.748167323745955,0.7863036096157888,16.4542744187588,0.8215594299388771,17.096820176291892,0.8536416423071544,17.68072117686714,0.8827957308415261,zeo
NPT,2163.0347999999967,"{8.0, 14.0}",12.082005644830552,0.6032527121809144,13.002997805347052,0.649237711283001,13.850952282157456,0.6915759498982668,14.628333042186236,0.7303904535221143,15.338306345008508,0.7658393130156397,15.984757917912745,0.7981165421539121,16.572091265200125,0.8274420072398355,zeo
RWY,1442.0231999999992,"{8.0, 14.0}",12.053476450426912,0.6018282538247222,13.08650889253686,0.6534074072196997,14.03843564695163,0.7009369659104776,14.908472484090858,0.74437777343287,15.698864788450988,0.7838419414947497,16.413913465761045,0.8195442136678495,17.059102821313964,0.8517584204849173,zeo
SAS,961.3488000000001,"{8.0, 14.0}",12.100877668444975,0.6041949894620545,13.139190325289483,0.6560377831791074,14.08815819737874,0.7034196053234576,14.952110412719472,0.7465566086008893,15.736339451092185,0.785713045725365,16.446731233062337,0.8211827998193706,17.08942165283449,0.8532722351513367,zeo
VFI,2163.0347999999967,"{8.0, 14.0}",13.296316255142274,0.6638830570619426,14.175937020886696,0.707802388688229,14.98015539062178,0.7479568901004989,15.71515448609724,0.7846552836313612,16.386135651764985,0.818157271621622,16.997894098102346,0.8487022782042416,17.555047865967705,0.8765208814599355,zeo
RSM0004,287.01631999999995,"{8.0, 1.0, 6.0, 63.0}",8.723064946559855,0.39509894177891397,9.256341057457506,0.4192529321919659,9.775196331720172,0.44275375111896864,10.280739514641697,0.4656516176165246,10.77267924098379,0.4879333347065048,11.250046243867073,0.5095550008106576,11.71168572807217,0.5304643111058571,MOF
RSM0009,367.98446999999976,"{8.0, 1.0, 27.0, 6.0}",10.43130693620321,0.6236370589130318,11.165003138072153,0.6675011829645625,11.858260267495485,0.7089476517443816,12.513574205964762,0.7481256818561527,13.132582347015415,0.7851331650880248,13.71647956216899,0.8200415369912702,14.266309317598758,0.8529131813284753,MOF
RSM0010,380.87807999999967,"{8.0, 1.0, 30.0, 6.0}",10.32373459841092,0.5963119777463709,11.071841445277737,0.6395235761430809,11.77703121787946,0.68025623000764,12.441849250322116,0.7186569610597879,13.068169391537166,0.7548340051856434,13.65752525681345,0.7888759459454747,14.211328113690774,0.8208642999387029,MOF
RSM0011,367.5048799999998,"{8.0, 1.0, 28.0, 6.0}",10.248127186495921,0.61348518175571,10.997600788220446,0.6583510328919985,11.705219418718412,0.7007113135798503,12.373381806844225,0.7407096192860708,13.003756910748088,0.7784458591038522,13.59765167789753,0.8139982710263489,14.156258364967254,0.8474382272945049,MOF
RSM0012,345.9789499999998,"{8.0, 1.0, 27.0, 6.0}",9.967802236676356,0.6338294546731237,10.70608580530259,0.6807751966316364,11.399281833970525,0.7248539263656117,12.04998608964005,0.7662307026831582,12.660554847565395,0.8050553556695829,13.23318347572828,0.8414674836894623,13.769969182806959,0.8756004433846429,MOF
RSM0015,387.9710299999998,"{8.0, 1.0, 27.0, 6.0}",11.646774602900752,0.7805122451421688,12.184852872165017,0.8165717287610124,12.698203171335052,0.8509740597247983,13.191418202244733,0.8840270193843165,13.66604949187491,0.915834583805775,14.122158343468218,0.9464008612451653,14.55925067281859,0.9756927404947826,MOF
RSM0019,397.5739199999997,"{8.0, 1.0, 28.0, 6.0}",9.068741723904798,0.6843060825447106,9.799752381453155,0.7394664404636876,10.492022639884611,0.7917035382917937,11.147342050270204,0.8411524113757421,11.76710185940376,0.8879180399511947,12.35256443199346,0.932095679112463,12.905013495059032,0.9737821959040253,MOF
RSM0020,391.33752,"{1.0, 29.0, 6.0, 7.0}",7.857852061268782,0.6023842585757263,8.583810645745977,0.6580363655710276,9.297023551840551,0.7127113867211521,9.991409878114103,0.7659431591006738,10.661689298946733,0.8173268920608533,11.303811184238056,0.8665520636179779,11.915051397168986,0.9134098409860358,MOF
RSM0021,398.05350999999973,"{8.0, 1.0, 27.0, 6.0}",9.188742876901294,0.6925257016501098,9.900609543347867,0.7461767798516241,10.577360561013535,0.797181305675225,11.219925135994874,0.8456093103659517,11.829088323782804,0.8915199610059571,12.405674009413836,0.9349753511341109,12.950639330600616,0.976047617110621,MOF
RSM0022,646.0968400000002,"{8.0, 1.0, 6.0, 63.0}",10.86062283028747,0.537906872550559,11.521067239966722,0.570617481551117,12.152863159497254,0.6019091830009756,12.755860624702558,0.6317745494475437,13.329550226214963,0.6601883507724302,13.873531863926374,0.687130770745828,14.387731382591463,0.7125981365934659,MOF
RSM0023,526.4135200000003,"{1.0, 29.0, 6.0, 7.0}",9.789637632457904,0.5950994652239417,10.469358118260935,0.6364187982564539,11.135061293798595,0.6768860370485067,11.781006976129877,0.7161522432709476,12.402191427926967,0.7539132461751034,12.994861452416028,0.7899408937622132,13.556619999557748,0.8240894724471509,MOF
RSM0025,391.37863999999985,"{1.0, 6.0, 7.0, 48.0, 28.0}",8.462476300534776,0.7351555879957642,9.01141691673485,0.7828433743062345,9.542384830026277,0.8289698288616199,10.057533069810606,0.8737219904835909,10.557080444083823,0.9171188675469109,11.040417076671673,0.9591074786473708,11.50676396857019,0.9996201502754127,MOF
RSM0030,553.0519199999997,"{48.0, 1.0, 6.0, 8.0}",9.08459864197745,0.5584943160982672,9.802688778915227,0.6026403786521851,10.497142480933478,0.6453333429377454,11.16530382021263,0.6864099303501734,11.804824389506798,0.72572576774208,12.413968719844691,0.7631741636024332,12.99172379719866,0.7986928408181906,MOF
RSM0040,467.0003200000002,"{1.0, 7.0, 30.0, 6.0}",9.533778294772066,0.6941075801024079,10.225527438581047,0.74447043828954,10.892908208258913,0.7930591548219985,11.534050253555318,0.8397375586827877,12.147090016558847,0.884369973371754,12.730543741952575,0.9268483739505518,13.283478218022875,0.9671048178570361,MOF
RSM0043,420.18980359999966,"{1.0, 6.0, 8.0, 9.0, 13.0}",8.74925357968042,0.7495972681153737,9.557746011062344,0.8188653162221681,10.32527358077957,0.8846236765466928,11.051811179208322,0.9468701978076746,11.737635798666785,1.005628611479245,12.383362564344258,1.0609516187612547,12.989962233454825,1.1129223898291998,MOF
RSM0044,614.32352,"{8.0, 1.0, 29.0, 6.0}",11.925957330382037,0.6988735575251185,12.483336894572476,0.7315365822304982,13.009130543568668,0.7623486393105575,13.509831196952733,0.791690220635372,13.9884683481069,0.8197388576817772,14.446224006841353,0.8465638174593879,14.883433068998597,0.8721847252144106,MOF
RSM0047,725.9052800000006,"{48.0, 1.0, 6.0, 7.0}",14.56733816930811,0.7224416029803387,14.928273144341782,0.7403415404228824,15.2408174261192,0.7558416262522443,15.517912934653058,0.7695836923069489,15.768740388530185,0.782023040233412,15.99975024976731,0.7934795693890292,16.21542806030383,0.804175732364059,MOF
RSM0052,715.7097880000003,"{1.0, 6.0, 8.0, 15.0, 25.0}",12.681844303965171,0.6378931832391622,13.477851574576102,0.6779321239138055,14.208112121508217,0.7146640229744847,14.877962305266786,0.7483572978459868,15.492201518554115,0.7792533566244142,16.055357874931417,0.8075799621417651,16.571758816017496,0.833554783488066,MOF
RSM0055,367.266125,"{25.0, 7.0, 1.0, 6.0}",7.714986455385949,0.7772415679482558,8.438567677587493,0.8501383133844355,9.141935771668143,0.9209986996533408,9.821443280552177,0.9894552659340161,10.474073060407074,1.0552040519257304,11.097642311436267,1.118025152804773,11.690843416338065,1.1777868334698944,MOF
RSM0056,473.93459999999965,"{8.0, 1.0, 26.0, 6.0}",8.371051141821306,0.6711895341450274,9.121506264852016,0.7313609052058593,9.836104476190641,0.7886572748544729,10.51342518133583,0.842964740052239,11.152850673126617,0.8942337731383438,11.754471499525655,0.9424716342338695,12.318978450652345,0.987733710779482,MOF
RSM0059,503.37791999999985,"{1.0, 6.0, 7.0, 8.0, 29.0}",8.569304343866612,0.6468967988642239,9.322339639030567,0.7037434345216446,10.053172153698798,0.7589139822433102,10.75862430338284,0.8121685661710153,11.435623065190379,0.8632752038016179,12.081717395844668,0.9120488658741678,12.69529016202162,0.9583674749913975,MOF
RSM0060,575.3397727999999,"{1.0, 6.0, 7.0, 8.0, 9.0, 29.0}",9.601014564771697,0.6341271205461229,10.404761321078245,0.687212928591356,11.170222238973578,0.7377700363304277,11.897578358679347,0.7858104010948976,12.58671407685511,0.8313263875236373,13.237599997753856,0.8743160540884592,13.850511884503206,0.9147976143726143,MOF
RSM0061,645.4998799999998,"{48.0, 1.0, 6.0, 16.0}",9.461062417198377,0.5569642737246341,10.144171411812954,0.5971782886294142,10.80431766113386,0.6360405072779979,11.438894630387024,0.6733974853019445,12.045481570106105,0.7091067153475413,12.622306118031233,0.7430638600353993,13.1683996652512,0.7752118982261402,MOF
RSM0062,416.20767719999964,"{8.0, 1.0, 13.0, 6.0}",8.497991979034808,0.7758715489722904,9.264820197145996,0.8458834057555634,9.996806247907259,0.9127141526462841,10.692661695237172,0.9762461546901349,11.351628401452043,1.0364101934811163,11.97352242505058,1.093189475054504,12.558715620975414,1.1466179499801552,MOF
RSM0064,501.6905999999995,"{8.0, 1.0, 6.0, 31.0}",8.74794465585177,0.6626033992312544,9.504367275652289,0.7198977945267209,10.224116840445491,0.7744144298038055,10.906379593021825,0.8260916679220813,11.550776161926184,0.8749007738099845,12.157427088456487,0.9208508777348966,12.72694742972213,0.963988566517773,MOF
RSM0065,751.4660400000005,"{48.0, 1.0, 6.0, 8.0}",10.36010864407457,0.5376746461076378,11.059024705651774,0.5739473782746309,11.729821037472972,0.6087607371604519,12.371620617965153,0.6420692066146338,12.983492828177818,0.6738244888603809,13.564740032998692,0.7039903776449414,14.115046074264225,0.7325504648171519,MOF
RSM0067,673.7539328000005,"{1.0, 6.0, 7.0, 9.0, 30.0}",10.777676586260887,0.6398583258116681,11.534335829468784,0.6847803192203512,12.24049072582086,0.726703927349356,12.90021064563141,0.7658707440575789,13.516480540135626,0.802457982484113,14.091710813383092,0.8366087455591075,14.628060033477595,0.8684511850007911,MOF
RSM0068,494.10295439999965,"{8.0, 1.0, 13.0, 6.0}",10.085575383122656,0.8164756185576585,10.980041894895578,0.8888869655295941,11.80034637226663,0.9552945407174144,12.551696986033264,1.0161199704846997,13.239549154863635,1.0718048970940253,13.86925416472416,1.1227825327671563,14.445890737930819,1.1694640243932797,MOF
RSM0073,779.7073880000005,"{1.0, 6.0, 8.0, 15.0, 25.0}",13.057569918339397,0.6698702677081412,13.889912022965916,0.7125704969190779,14.639911344657998,0.7510464345969742,15.317722710503332,0.7858190365385289,15.931620632216044,0.8173127959236951,16.48855070251632,0.8458840306649146,16.994485201842004,0.8718391264925139,MOF
RSM0076,482.1268699999996,"{8.0, 1.0, 27.0, 6.0}",8.806643202794623,0.7306494411145043,9.524227284121608,0.7901843167647234,10.216925215500435,0.8476544952162027,10.882477889113607,0.9028725479758982,11.518906435371468,0.9556742967154249,12.124825287603555,1.0059447869066966,12.699537194193175,1.0536261705715084,MOF
RSM0077,606.3126399999998,"{8.0, 1.0, 28.0, 6.0}",9.924817748424026,0.6547656831580506,10.69573841300053,0.7056252967446321,11.429163131841111,0.7540112066171746,12.124960565943855,0.7999147480048484,12.783072310443012,0.8433320677888567,13.403705399646785,0.8842768245535366,13.987422060253516,0.9227861098362403,MOF
RSM0079,1009.5992080000009,"{1.0, 6.0, 8.0, 15.0, 48.0}",13.835432398245445,0.5481554378654161,14.525034788989979,0.5754772655879486,15.154504939024127,0.6004166730298828,15.728946662440507,0.6231758716847366,16.253075973229926,0.6439417085291498,16.731362381474383,0.6628912641331774,17.16805374179049,0.6801928371477278,MOF
RSM0080,662.3663200000002,"{8.0, 1.0, 29.0, 6.0}",10.57427818252992,0.6385758371609183,11.295791986994132,0.682147726774159,11.972851784480747,0.7230350591787785,12.610004933995398,0.7615124473113545,13.210147559487726,0.7977547867764606,13.775268355442401,0.8318821739271041,14.306938949961651,0.8639895186676548,MOF
RSM0081,393.30340499999994,"{25.0, 7.0, 1.0, 6.0}",7.598379285571256,0.7920947206353872,8.317534252848446,0.8670631884480795,9.018115375259422,0.940095421715549,9.696299263165809,1.0107928503436125,10.348859803371308,1.078819167452221,10.97341552355315,1.1439261159350482,11.568487672110972,1.2059595430061176,MOF
RSM0083,627.3281599999998,"{8.0, 1.0, 29.0, 6.0}",10.580817389260694,0.7083921282107746,11.344859077186944,0.7595451816507836,12.069012648344945,0.8080277015310262,12.754037309337324,0.8538905171930553,13.400630757120691,0.8971803398703945,14.009569168109232,0.9379491350437512,14.581800545606917,0.9762603721081016,MOF
RSM0084,657.1347200000001,"{1.0, 6.0, 7.0, 8.0, 48.0}",11.845277415108097,0.7570771050334092,12.493806327214852,0.7985270748485541,13.086165037615498,0.8363869916656524,13.630066621362419,0.8711498276901599,14.131954455418644,0.9032274038534791,14.597058101153603,0.9329539614775663,15.02958538947058,0.9605984391720532,MOF
RSM0085,674.3878500000003,"{1.0, 6.0, 7.0, 8.0, 16.0, 25.0}",10.524867280208499,0.6554750738299284,11.349565406529766,0.7068362027492785,12.124821842199001,0.7551181673459239,12.85251128137385,0.8004377211388097,13.534265171098763,0.8428964685323851,14.171690981365733,0.8825945206713919,14.766511105632054,0.9196391459848305,MOF
RSM0086,630.9961599999998,"{8.0, 1.0, 30.0, 6.0}",10.871374817760518,0.7236141379147885,11.60944277693917,0.7727409888381022,12.308657360199696,0.8192817039146283,12.970411440285163,0.8633289947310885,13.59567629865098,0.9049475111597214,14.185289922209988,0.944193030798824,14.740141589774034,0.981124745308291,MOF
RSM0087,700.4158400000002,"{8.0, 1.0, 29.0, 6.0}",10.545818505299417,0.6323734443563918,11.3019897827231,0.6777167844667391,12.01597304066129,0.7205303462408476,12.68950813139885,0.760918458838326,13.32391699746112,0.7989603917201057,13.92038861749616,0.8347274412509553,14.480159023780228,0.8682937253371789,MOF
RSM0088,695.2717600000002,"{1.0, 6.0, 7.0, 8.0, 16.0, 30.0}",10.651961224106273,0.6434640339950861,11.464590112648139,0.6925533473863827,12.229498896396462,0.7387599830728797,12.94806107095558,0.782166911223511,13.62159846471761,0.8228539808925067,14.251542082597373,0.860907636273174,14.839520414102397,0.8964262512147775,MOF
RSM0089,542.1888100000001,"{1.0, 6.0, 7.0, 8.0, 25.0}",11.660357536581294,0.9032554849968487,12.331685113936587,0.9552590633239675,12.943256225776219,1.0026336793682649,13.50359790046618,1.0460398690625494,14.019707347477933,1.086019662770379,14.497212819681511,1.123009046288918,14.940625428672607,1.1573574674184983,MOF
RSM0094,951.8562800000011,"{1.0, 6.0, 7.0, 8.0, 48.0}",11.664443135722873,0.5146854856075123,12.368096753274095,0.5457337147972711,13.033627560084426,0.5750998013308745,13.663331096049504,0.6028850343184986,14.258714036707776,0.6291558947761797,14.820869968117956,0.6539606364323755,15.350739876923756,0.6773407796719028,MOF
RSM0097,617.6229599999998,"{8.0, 1.0, 28.0, 6.0}",10.517373735602227,0.7152093194451412,11.287567780035928,0.7675845579987977,12.016986638802909,0.8171869757395714,12.706816755082855,0.8640972539516343,13.357966400224235,0.9083771574965704,13.97128410859448,0.9500843889627555,14.547715596752772,0.9892832595854543,MOF
RSM0098,618.1025499999998,"{8.0, 1.0, 27.0, 6.0}",10.183119654996975,0.6919418557808458,10.967867093556247,0.7452653575516919,11.71161783564849,0.7958031383258922,12.415308718227188,0.8436188560709578,13.079679599253986,0.8887627840536615,13.70551097991349,0.9312879572432871,14.29375355174439,0.9712589750248798,MOF
RSM0104,777.9798400000009,"{48.0, 1.0, 6.0, 7.0}",11.4969399398369,0.6502293907163751,11.96213609565463,0.67653936663552,12.39893536863764,0.7012433075644422,12.812938325945527,0.724657963298384,13.2072842829389,0.7469608832657039,13.583762709375055,0.7682532740340697,13.943476741978323,0.7885975254153701,MOF
RSM0108,753.7919600000004,"{1.0, 6.0, 7.0, 8.0, 30.0}",10.723020521284887,0.6259192562050342,11.465032017845083,0.6692316123737688,12.172924797856671,0.7105524064036094,12.846146311863732,0.7498493851300881,13.484189330027466,0.787092940764728,14.08686157176765,0.8222718495933232,14.654392258358625,0.8553994916154043,MOF
RSM0112,586.1980371999997,"{8.0, 1.0, 13.0, 6.0}",10.940282698576292,0.8211771588943783,11.696638047574396,0.8779491595562676,12.408139057375156,0.9313543954058588,13.07796230390292,0.981631300098336,13.708377026991222,1.0289502026800954,14.301132211107172,1.0734423818516257,14.857741858738798,1.1152214785759564,MOF
RSM0113,709.7875200000005,"{1.0, 6.0, 7.0, 8.0, 30.0}",10.314306399386712,0.639387800976009,10.978257095041018,0.6805463586930979,11.626100471469108,0.7207064175270937,12.254425079511794,0.759656500439059,12.85973374592454,0.7971798163211989,13.439124071180517,0.8330964443160994,13.990556384198312,0.8672799444328427,MOF
RSM0114,624.0638399999999,"{1.0, 6.0, 7.0, 48.0, 17.0}",8.940828038458768,0.6303785101411835,9.58675008813219,0.6759196364875368,10.219508680910188,0.720532665312011,10.836119086737138,0.7640071564095656,11.433047589507668,0.8060939629803539,12.007119462745266,0.8465692490063064,12.555956018814618,0.885265303671245,MOF
RSM0116,1005.689040000001,"{1.0, 6.0, 8.0, 48.0, 17.0}",12.067502741178371,0.5279664980855789,12.709879472098187,0.5560711855548507,13.32072725821012,0.5827964470620508,13.901092119623836,0.6081880471357709,14.451378427337778,0.6322636774512941,14.97182291172893,0.6550336952226031,15.462762909758275,0.6765128593122218,MOF
RSM0118,710.4091200000003,"{8.0, 1.0, 29.0, 6.0}",9.438680171288302,0.5845954335956233,10.134661970809633,0.6277018610285067,10.805741231070293,0.6692659212582923,11.450671104688267,0.7092103893687113,12.067817277488643,0.747434042245263,12.655757420003825,0.7838487862883406,13.213571584740448,0.8183976434995366,MOF
RSM0122,735.9689400000001,"{8.0, 1.0, 27.0, 6.0}",10.659616384885767,0.6372865693693184,11.409327179953365,0.6821081279842435,12.1184669752734,0.7245041440363359,12.788383295911302,0.7645551794890926,13.420241250546917,0.8023308905183747,14.015145510925908,0.8378973200699745,14.574246839330014,0.8713232666184534,MOF
RSM0123,863.2988800000003,"{1.0, 6.0, 7.0, 8.0, 30.0}",11.29955522685266,0.5759076508723339,11.963215120324158,0.6097325937620385,12.596932402118739,0.6420314430307431,13.199546502650588,0.672745047597682,13.769715032632568,0.7018049895255659,14.306559675926655,0.7291665034255258,14.809885880122401,0.754819673489424,MOF
RSM0129,666.8691280000002,"{1.0, 6.0, 8.0, 15.0, 30.0}",10.37912539080301,0.7159422260388973,11.16709245805234,0.7702954470407085,11.901892951433835,0.8209812881995585,12.586727677113855,0.8682205380892023,13.224229338048637,0.9121947980627425,13.816825549738207,0.9530715227350536,14.366930328830508,0.991017228685091,MOF
RSM0134,572.20489,"{1.0, 6.0, 7.0, 8.0, 25.0}",8.946771270039095,0.719237961111794,9.679445409856825,0.7781382099922529,10.38825237476718,0.8351197579581858,11.070886833564858,0.8899972776254734,11.725138593089138,0.9425930898320362,12.349251382467447,0.992766006584639,12.942090807065002,1.0404248330086625,MOF
RSM0135,1223.4003599999999,"{1.0, 6.0, 8.0, 44.0, 48.0, 19.0}",13.69967825088571,0.5151095423420855,14.38543817766956,0.5408941976875009,15.019951525328686,0.5647519755226488,15.607241136797697,0.58683413522348,16.150646881801183,0.6072662562914846,16.653165270947245,0.6261610078842655,17.11760718910019,0.6436240796092367,MOF
RSM0136,1276.1122399999992,"{1.0, 6.0, 8.0, 48.0, 17.0}",12.574967301573304,0.45328966978043583,13.02707613119926,0.469586830414828,13.465952901523798,0.48540701519334617,13.892213175454545,0.5007724133034798,14.304855628180949,0.5156469300038404,14.702431917221979,0.5299783569133475,15.083658190941188,0.5437204150500861,MOF
RSM0138,943.9318400000012,"{1.0, 6.0, 7.0, 8.0, 48.0}",10.749262528910817,0.5238366324520815,11.457533229513325,0.5583523155205913,12.140452736971428,0.5916325758231494,12.795657286919663,0.6235622216094583,13.420925926324756,0.6540330206585022,14.01459944372142,0.6829641157259664,14.575738754215442,0.7103097430148234,MOF
RSM0140,491.4946399999997,"{1.0, 29.0, 6.0, 7.0}",8.050857633701478,0.7534964189035066,8.711957913028419,0.8153701615124582,9.364337548297156,0.8764277210056033,10.002255130887182,0.9361317470742115,10.62079199988753,0.9940218920695181,11.216179144081126,1.0497454064356269,11.785847569214482,1.1030618526864637,MOF
RSM0143,845.0726440000009,"{1.0, 6.0, 8.0, 15.0, 30.0}",10.963464876667693,0.6097497686877923,11.750332238474181,0.6535125934194669,12.484702864176883,0.6943557323532448,13.169865189531157,0.7324620768436135,13.808465146783226,0.7679787844354964,14.402911189743651,0.8010398049495386,14.955574803716209,0.8317770321466719,MOF
RSM0147,1005.283812000001,"{1.0, 6.0, 8.0, 15.0, 29.0}",12.048134607613568,0.575270838207281,12.861668048720773,0.6141151970908256,13.613286622188305,0.6500032628248846,14.307401258232147,0.6831456472265788,14.947764477526755,0.713721524565128,15.537876699881869,0.7418980318707539,16.081164528254863,0.7678387815880126,MOF
RSM0148,750.4877200000004,"{1.0, 6.0, 7.0, 8.0, 29.0}",9.798332174239048,0.6266857295992452,10.53246868496239,0.6736399322805635,11.238040123028236,0.7187671583824917,11.914660805767221,0.7620427402553986,12.561320187000085,0.8034020449741719,13.177004173412241,0.8427802127445699,13.76103353137281,0.8801338008647157,MOF
RSM0150,869.7422680000008,"{1.0, 6.0, 8.0, 15.0, 25.0}",12.341994799893811,0.6811394273813797,13.157403387995728,0.7261408187923027,13.903782590245948,0.7673325637794631,14.588103476713158,0.8050993870775417,15.216186787911562,0.8397625281559322,15.793057374905358,0.8715993023297063,16.32317026987469,0.9008555773145253,MOF
RSM0153,817.1398000000007,"{8.0, 1.0, 30.0, 6.0}",11.237149864289425,0.6738386055240257,11.935741097338274,0.7157298099659017,12.593621519959662,0.7551797801037509,13.21276388166487,0.7923068123735718,13.794682636638797,0.8272017214132764,14.34075845038388,0.8599472991877394,14.852407636222164,0.890628475292582,MOF
RSM0154,886.719993000001,"{1.0, 6.0, 8.0, 15.0, 25.0}",11.947811773567683,0.6602341004222918,12.687013396749025,0.7010822597305546,13.375402302389041,0.7391225166804853,14.017270444741756,0.7745920439535474,14.615732054320505,0.8076629334122886,15.173366442647717,0.8384777173843845,15.692552954951822,0.8671678780932127,MOF
RSM0155,712.34692,"{8.0, 1.0, 28.0, 6.0}",9.892409281891075,0.6804662745122316,10.663650347032664,0.7335174089116586,11.394504618782056,0.7837904687231901,12.086808194008519,0.8314117530071127,12.741894526362085,0.8764729856510676,13.360856516366114,0.9190493436848715,13.944739144755143,0.9592127078937915,MOF
RSM0158,660.48468,"{1.0, 6.0, 7.0, 8.0, 30.0}",9.216661421694806,0.6837651551025308,9.912139868632256,0.7353612707004507,10.592799941177145,0.7858580415789206,11.253679624665537,0.8348873460753266,11.890483216771354,0.8821304948690049,12.499946329398384,0.9273453097209171,13.079914685766076,0.9703719692673836,MOF
RSM0159,548.2294800000003,"{1.0, 26.0, 6.0, 7.0}",8.705442131808635,0.7780804936987753,9.42694492697742,0.8425674252721567,10.14119112338681,0.9064057719879518,10.839579643164175,0.9688267812869974,11.51513171942388,1.029206700544031,12.162716630820583,1.087086952912872,12.778967297778628,1.1421665934330136,MOF
RSM0160,548.4041999999995,"{8.0, 1.0, 28.0, 6.0}",7.628184264088354,0.6815794425723394,8.289194782211387,0.740640834494627,8.939320151644564,0.7987296366996898,9.575283876620803,0.855553093784511,10.193469249743268,0.9107880523843921,10.7906470102446,0.9641459775508391,11.364337756420861,1.015405334358531,MOF
RSM0161,1532.728745999998,"{1.0, 6.0, 8.0, 15.0, 92.0, 30.0}",12.405520475385023,0.39659366008515307,13.18978742368405,0.42166598978924563,13.9124532538177,0.44476898552085237,14.576788786625228,0.4660072125669111,15.186015976714058,0.48548367400358644,15.743574687082326,0.5033083392480687,16.253135839125143,0.5195985644527953,MOF
RSM0164,689.11064,"{48.0, 1.0, 6.0, 8.0}",9.851971729204145,0.7148323619850178,10.461947000982436,0.759090514186694,11.058218486932146,0.802354356836817,11.638019788791128,0.8444231675766266,12.19843183582001,0.8850851465462797,12.736938038688551,0.9241576968459341,13.251700620658912,0.9615074743773302,MOF
RSM0166,519.7895199999997,"{1.0, 6.0, 7.0, 8.0, 28.0}",7.743558544175186,0.7448744391936942,8.439851831159608,0.8118528275790952,9.124601643013946,0.8777208169774133,9.792294001934874,0.9419480025236829,10.438088698035585,1.0040687909632722,11.05827409597869,1.0637261497671882,11.650369045778625,1.1206814102156804,MOF
RSM0171,1004.309768000001,"{1.0, 6.0, 8.0, 15.0, 30.0}",11.939672263963004,0.5944217931754197,12.688036687518757,0.631679442528271,13.385061340816371,0.6663811190182688,14.034638295111744,0.698720591111075,14.63972452225457,0.7288450729404115,15.20288162244916,0.7568820948901268,15.72654700855021,0.782953004622683,MOF
RSM0174,606.2656827999998,"{1.0, 6.0, 7.0, 9.0, 27.0}",8.355864660198034,0.6891256504579807,9.130253124150927,0.7529910881631491,9.881540731161415,0.8149513498375945,10.605743593348262,0.8746778759079933,11.29944044685732,0.9318885075823167,11.960115039327468,0.9863757242608909,12.586250851694412,1.0380144554418458,MOF
RSM0178,781.8319200000005,"{8.0, 1.0, 30.0, 6.0}",10.099029844265594,0.645856838658211,10.861379582838467,0.6946109070884737,11.585050628097417,0.7408913816218586,12.270869158749631,0.7847510983402688,12.91934941863414,0.8262229443531885,13.531012309384918,0.8653402325518322,14.106568655801407,0.9021484218629368,MOF
RSM0181,806.8448800000008,"{64.0, 1.0, 6.0, 8.0}",8.755687579602423,0.5425880362283773,9.4544030613926,0.5858872811706131,10.134149218031292,0.6280110011995913,10.791258047150457,0.6687318910141963,11.422628490173986,0.7078577786955762,12.025939937429666,0.7452448565720374,12.599710017382774,0.7808012624051579,MOF
RSM0183,551.5134399999998,"{1.0, 29.0, 6.0, 7.0}",7.91154622109687,0.7172577898642754,8.627675536997355,0.7821818029491139,9.334323499887205,0.8462462401539306,10.024499744630925,0.9088173576178785,10.692389763038857,0.9693680142263496,11.333633195203495,1.0275029013983321,11.945320391110721,1.082958231363385,MOF
RSM0198,632.3914399999998,"{8.0, 1.0, 28.0, 6.0}",9.279938581404929,0.7483922737025845,9.986800799796056,0.8053980629301355,10.66799959433624,0.8603341931876063,11.32209047023578,0.9130841713828781,11.947440562313082,0.9635163130575698,12.542745895162833,1.0115254574813737,13.107265466248778,1.0570518455763538,MOF
RSM0200,721.1527050000002,"{1.0, 6.0, 7.0, 8.0, 27.0}",9.609812711891944,0.679607030395163,10.343099748825152,0.7314651717074022,11.053458389714827,0.7817018142855833,11.738155496459553,0.8301236702973153,12.394495068688212,0.87654007829465,13.020323393777273,0.9207987274798349,13.614235295273247,0.9628002436168293,MOF
RSM0202,688.48488,"{8.0, 1.0, 30.0, 6.0}",9.343347034334503,0.6921149797088639,10.056034785706132,0.7449078243679262,10.745486620426618,0.7959794522165216,11.408925622140249,0.8451241612294415,12.043996529692057,0.8921674837859837,12.648997060410256,0.9369833221042169,13.222948379301119,0.9794991682959793,MOF
RSM0203,669.1251149999998,"{8.0, 25.0, 1.0, 6.0}",10.215143401375212,0.7785872952476697,10.943028288058693,0.8340659021459589,11.631185986376433,0.8865165452729991,12.281453048860392,0.9360792046968378,12.895048050218398,0.9828467588772818,13.472943885498525,1.0268933608334592,14.01611465829082,1.0682932556982738,MOF
RSM0206,657.1590149999998,"{8.0, 25.0, 1.0, 6.0}",9.444808522356208,0.7329812475298185,10.151380914665907,0.7878160610000328,10.834902046838506,0.8408619402242605,11.492785908169173,0.8919181932193808,12.122748210207718,0.9408075436971579,12.723088417874697,0.9873980185931249,13.292794242621397,1.0316110574450408,MOF
RSM0208,553.5227199999998,"{1.0, 6.0, 7.0, 8.0, 29.0}",7.410460925940161,0.6961664882498201,8.091910269209482,0.7601843949583375,8.766468193629994,0.8235548959377129,9.427947011833128,0.8856966966330176,10.070872619836244,0.9460955391884996,10.690911472147759,1.004344314090095,11.284985809720428,1.0601538851114594,MOF
RSM0210,387.4914399999999,"{8.0, 1.0, 28.0, 6.0}",8.517236383503837,0.5714917108132759,9.040220685159332,0.60658304558713,9.561320064171946,0.6415479053381686,10.080503565377878,0.6763842130288733,10.595177416003262,0.7109179310285793,11.10184456453047,0.744914413277858,11.59708117532211,0.7781439263751863,MOF
RSM0216,381.79463999999984,"{8.0, 1.0, 26.0, 6.0}",8.980099464493303,0.6115397169452824,9.434224724619467,0.6424653914473661,9.897803064130043,0.6740348153326123,10.368710792458312,0.7061033664692523,10.842709464498713,0.7383824091322148,11.315006595329958,0.7705455777969513,11.781144679952591,0.8022893188829667,MOF
RSM0218,400.86464000000007,"{8.0, 1.0, 6.0, 30.0}",9.046140699554222,0.5867308680266978,9.498626000917028,0.6160789737499488,9.958883931662436,0.6459312106531104,10.425844321974846,0.6762181677369846,10.895812958383532,0.7067002390581812,11.364251694337176,0.7370830813432847,11.826800745254294,0.767083919840402,MOF
RSM0220,632.1806343999999,"{8.0, 1.0, 13.0, 6.0}",10.433037983922018,0.8581692409462155,11.198358394595509,0.9211206494353295,11.915104399780935,0.9800765715904199,12.585693821442042,1.035235885287957,13.212349592003125,1.0867814377709173,13.797249153745268,1.134892334491849,14.342595364279115,1.1797497714405059,MOF
RSM0221,759.9614600000001,"{8.0, 25.0, 1.0, 6.0}",11.874875583089878,0.812532691224465,12.407884797269872,0.8490035921795736,12.915799292062145,0.88375739894393,13.403512179113976,0.9171289203454168,13.872890727934951,0.94924592340856,14.324277359904613,0.9801318381527397,14.757390374796,1.0097673893744452,MOF
RSM0224,963.5696400000012,"{8.0, 1.0, 29.0, 6.0}",10.764349972796627,0.60325157041168,11.559726291776165,0.6478257448583707,12.305564004498759,0.6896236957433944,13.004977476483667,0.7288199571440598,13.660417961163681,0.7655519012645914,14.273971574732327,0.7999364374281703,14.847579101509014,0.8320823303248592,MOF
RSM0225,914.6146992000006,"{1.0, 6.0, 7.0, 9.0, 30.0}",10.528508939509393,0.6216163847255025,11.204461321565315,0.6615254619171843,11.858860468448606,0.7001620090474753,12.489774249321751,0.7374119506862329,13.094527821105528,0.7731173607402023,13.670750731669411,0.8071382847398565,14.216824488326509,0.8393791648451904,MOF
RSM0226,615.4978399999999,"{1.0, 6.0, 7.0, 8.0, 29.0}",8.18946160231342,0.7184930600648815,8.921264186477384,0.7826969239563518,9.633474650372264,0.8451818955532036,10.322454190648905,0.9056287285996665,10.984881073616556,0.9637459945843094,11.618184095813854,1.019308111908156,12.220690727566682,1.0721683430905313,MOF
RSM0228,974.5736400000012,"{8.0, 1.0, 30.0, 6.0}",10.974287635225728,0.6080726052699195,11.741783865221217,0.6505986851049501,12.464600196266076,0.6906491033333995,13.144893405736266,0.7283433644991234,13.784335923635288,0.7637741360173713,14.38439724834718,0.7970228410966941,14.946535400282857,0.8281702669644063,MOF
RSM0229,638.0939379999998,"{1.0, 6.0, 8.0, 15.0, 25.0}",9.283381718519198,0.7856250983535232,9.971732209469497,0.8438781615746255,10.633741709087904,0.8999020647187954,11.268062528557941,0.9535827568732194,11.873172015304384,1.0047913804604063,12.44792309478227,1.0534308619591413,12.991780685791424,1.099455919032312,MOF
RSM0230,934.4540400000011,"{8.0, 1.0, 28.0, 6.0}",10.79644341304694,0.6239022138579808,11.593091033120935,0.6699386903913752,12.339460045340978,0.7130696791127491,13.038918487699114,0.7534898113723724,13.69407972849868,0.7913501078543443,14.307132349198312,0.8267770417651659,14.880083146081372,0.8598865813543843,MOF
RSM0231,1319.0660399999992,"{8.0, 49.0, 1.0, 6.0}",13.110568006163321,0.5367211730603115,13.83652962487713,0.5664406307840094,14.495334826461157,0.5934108353126147,15.09648649834087,0.6180208163879403,15.647461578274568,0.6405766653099697,16.15414570516848,0.6613193286964605,16.621235782169475,0.6804410886335548,MOF
RSM0234,935.8928100000011,"{8.0, 1.0, 27.0, 6.0}",10.894822653715801,0.628619449807134,11.672173744680556,0.6734717645846101,12.403087874403852,0.7156447170673393,13.09010988648827,0.7552851419708693,13.735218329111998,0.7925071993790047,14.340113282783568,0.827408982093058,14.906423215401132,0.8600844509443984,MOF
RSM0237,911.9219100000009,"{8.0, 25.0, 1.0, 6.0}",11.074480214436445,0.6557819535003467,11.832288941326796,0.7006560494106852,12.546272745897967,0.7429350263976984,13.218593598812685,0.7827469068441225,13.85090168754838,0.8201894075860199,14.444619969552079,0.8553467898976256,15.001144384057728,0.8883017151535667,MOF
RSM0239,1295.52828,"{1.0, 6.0, 7.0, 48.0, 17.0}",11.176500997866848,0.465857104936999,11.733189091714953,0.4890608879279791,12.290072435556327,0.5122728092975645,12.840188098085504,0.5352026412704918,13.377150779897192,0.5575842328308328,13.895844827845057,0.579204354152449,14.39260164825675,0.599910091507894,MOF
RSM0240,655.3098480000002,"{1.0, 6.0, 8.0, 15.0, 29.0}",9.26651687679159,0.763595897229284,9.922379843525675,0.8176414762965477,10.558357019307914,0.8700483912804362,11.172574004721984,0.9206621846082602,11.762718953387916,0.9692923514296816,12.32678381352667,1.0157734207138605,12.863409607597703,1.0599934075922444,MOF
RSM0241,974.5736400000012,"{8.0, 1.0, 30.0, 6.0}",10.961025497695177,0.6073377655438524,11.727552723726742,0.6498101539882027,12.449490670687592,0.6898119019688744,13.128940651744754,0.7274594408219536,13.767589489328145,0.7628462354304175,14.366941104286319,0.7960556163118266,14.9284854486204,0.8271701399860358,MOF
RSM0242,1256.75964,"{48.0, 1.0, 6.0, 8.0}",11.274496571366068,0.48443854773516415,12.007081175566546,0.5159159817390329,12.700879022791165,0.5457268402020954,13.35686038941406,0.5739128136135556,13.975758408292004,0.6005054029645384,14.558304102470574,0.6255360185925536,15.105377716525288,0.6490424825325911,MOF
RSM0243,606.2722299999999,"{1.0, 6.0, 7.0, 8.0, 27.0}",8.284335304922509,0.7378766242778686,9.009122204249572,0.8024325953861962,9.715699805242709,0.8653666843409706,10.399930878308842,0.926310392657565,11.05819160945584,0.984940951213641,11.687731237155335,1.0410133527085483,12.286771644953255,1.0943692222674886,MOF
RSM0244,717.21984,"{1.0, 6.0, 7.0, 8.0, 48.0}",8.56049106161453,0.6445255576409942,9.23307300162887,0.695164737896764,9.898427758919192,0.745259778343048,10.550389021027046,0.7943464128592155,11.183555357403426,0.8420179638362835,11.793671094127683,0.8879540185097151,12.377720942861712,0.9319275536417572,MOF
RSM0246,953.5413200000012,"{48.0, 1.0, 6.0, 8.0}",10.525622973285815,0.6071150262588716,11.23249910815322,0.6478874465014546,11.910175493399715,0.6869756332499397,12.556643893325766,0.7242637520237889,13.170474892334209,0.759669354526116,13.750892331148663,0.79314767210421,14.297752282858715,0.8246904030936262,MOF
RSM0248,953.5413200000012,"{48.0, 1.0, 6.0, 8.0}",10.116272880143582,0.5835038259358244,10.81415022563773,0.6237571984925356,11.486065983918795,0.6625131138685557,12.129312056564737,0.6996153696947918,12.741886222271116,0.734948478399353,13.322545450226977,0.7684407423083489,13.87077056297889,0.8000622154096458,MOF
RSM0249,748.0384200000001,"{8.0, 25.0, 1.0, 6.0}",9.467178666478024,0.70873633111354,10.157449083705476,0.7604116760306331,10.820645990903946,0.8100602312520538,11.457383643632161,0.857727981463039,12.067276567668282,0.9033860691131662,12.649673517725622,0.9469857403749861,13.204076330265037,0.9884897014980086,MOF
RSM0254,812.892520000001,"{64.0, 1.0, 6.0, 8.0}",8.21926779657768,0.5662236830624909,8.915970568014185,0.6142193949684686,9.593736243381642,0.6609105341864522,10.250399351809127,0.7061479218695609,10.883532745910381,0.749764352329113,11.491005845377458,0.7916130503219994,12.071270080406546,0.8315873351901008,MOF
RSM0260,868.94368,"{1.0, 6.0, 7.0, 8.0, 17.0, 28.0}",10.067286615934632,0.6487969973984268,10.75712397524102,0.6932542999950206,11.421220246641354,0.7360526907933963,12.058850671136238,0.7771454619287056,12.668729058768102,0.8164497235206472,13.249663825641653,0.8538886826772624,13.80087951912704,0.8894123645287509,MOF
RSM0268,887.8187200000002,"{1.0, 6.0, 8.0, 16.0, 20.0, 29.0}",11.098753216012044,0.7000642880076626,11.833920412350105,0.7464356497141733,12.53071654364591,0.7903867204378962,13.189468249993118,0.8319381033096649,13.810544320519654,0.8711130600502549,14.394530895034896,0.9079485619789072,14.942309468474447,0.9425002102169785,MOF
RSM0274,634.2790299999999,"{1.0, 6.0, 7.0, 8.0, 27.0}",8.591696678828484,0.7585541871286445,9.332481394820011,0.8239574909325328,10.04976712504731,0.887286087642925,10.740121679434443,0.9482369518795678,11.400750422398326,1.0065633474502638,12.0296929822458,1.0620921946698518,12.62585870053724,1.114727200156823,MOF
RSM0280,934.7547200000008,"{1.0, 6.0, 8.0, 16.0, 29.0}",10.739811258376083,0.6434088190205235,11.518892499984583,0.6900826133289126,12.252926996605998,0.7340577128189685,12.943301645286693,0.7754172047786548,13.591302109870169,0.8142381117398677,14.198290839524187,0.8506020563483796,14.765798430583468,0.88460073473892,MOF
RSM0292,710.1869000000007,"{8.0, 57.0, 1.0, 6.0}",8.361713002452237,0.6593418269716392,8.945515221964962,0.7053760811837523,9.528404189058543,0.7513383231756005,10.105791969021613,0.7968667829063163,10.672802861789913,0.8415769993226212,11.225078968301291,0.8851253412656185,11.759169213459412,0.9272396828971731,MOF
RSM0299,865.9340649999998,"{1.0, 6.0, 7.0, 17.0, 27.0}",10.049872425292016,0.6615315777439071,10.75399057743978,0.7078800658039335,11.434538991993108,0.7526770788762159,12.089194039750376,0.7957696643632695,12.715558583869226,0.8370000310364809,13.311732989813127,0.8762431356934184,13.87654648482471,0.9134219123658204,MOF
RSM0301,654.6255600000005,"{1.0, 6.0, 7.0, 8.0, 29.0}",7.319905335540613,0.6373637536026161,7.953331825136102,0.6925178937907,8.588108081522256,0.7477895617866925,9.216624139452538,0.8025161375440247,9.832058811174567,0.8561036819841711,10.428932633111513,0.9080750835444859,11.003264929944404,0.9580837341683244,MOF
RSM0304,616.3019963999998,"{1.0, 6.0, 7.0, 8.0, 9.0, 27.0}",8.342143355504984,0.7850766628139535,9.046975111674515,0.8514081725228726,9.73505565014877,0.9161632300508784,10.402058628110664,0.9789346845452127,11.044162458680386,1.0393628875862304,11.658450870940648,1.0971733897738154,12.243027686201913,1.1521877422880131,MOF
RSM0306,810.0458064000006,"{1.0, 6.0, 8.0, 13.0, 15.0}",9.678631721549639,0.6929986371322304,10.539910741661858,0.7546669807886401,11.35112758552794,0.8127508281124534,12.112378653640219,0.8672570814646368,12.824170241845549,0.918221992078004,13.487601910192655,0.965724289429731,14.104367826436237,1.0098852774374427,MOF
RSM0313,894.0003200000004,"{1.0, 6.0, 7.0, 8.0, 49.0}",10.260562454224273,0.6656738359389038,10.98770350398068,0.7128485180305966,11.683897158171108,0.7580154279742584,12.349183021732694,0.8011771352167926,12.98311809478402,0.8423048992840101,13.585227118495578,0.8813678868400664,14.155273633187356,0.9183507571058434,MOF
RSM0317,624.3387099999999,"{1.0, 6.0, 7.0, 8.0, 27.0}",8.044385599463677,0.7473096851048903,8.805725775198415,0.818036887319558,9.547197463749832,0.8869183410035402,10.263532257219158,0.9534646200596969,10.950548688912482,1.0172872733726923,11.605295746600312,1.078112156945736,12.226023914256839,1.1357767437276103,MOF
RSM0321,612.8283399999999,"{1.0, 6.0, 7.0, 8.0, 28.0}",7.875398946318231,0.7582034111424673,8.569429155395916,0.8250211146703156,9.251313247250076,0.8906694517224099,9.91633717197868,0.9546945775169965,10.560170759967534,1.0166796053166938,11.179333349819947,1.0762894347206218,11.771363068722762,1.133287049118262,MOF
RSM0329,737.2890000000001,"{1.0, 6.0, 7.0, 8.0, 48.0}",8.28559436878247,0.6742751649990005,8.959573417898111,0.7291230508984763,9.625690928571792,0.783331170971366,10.277784346782033,0.8363980214094092,10.91058771335698,0.887895062589322,11.520028904729958,0.9374909082921316,12.103277399425265,0.9849552129022892,MOF
RSM0332,735.1952,"{1.0, 6.0, 7.0, 8.0, 28.0}",8.683885063452571,0.708700361219924,9.35271343731276,0.7632840995680679,10.006036135409225,0.8166024045376704,10.640781669749513,0.868404608986798,11.253735367671876,0.9184283603324839,11.842183902822885,0.9664522213547819,12.404193648152557,1.0123183868571957,MOF
RSM0337,644.34861,"{1.0, 6.0, 7.0, 8.0, 25.0}",7.990472884946305,0.7440512257747841,8.700097254546478,0.8101295279783232,9.399503611204052,0.8752563564500327,10.082358171779155,0.9388419264328812,10.74333702673567,1.0003904898687377,11.378395480335753,1.0595254156288865,11.984789377291401,1.1159911753941458,MOF
RSM0373,913.948080000001,"{8.0, 1.0, 30.0, 6.0}",9.448075429943486,0.6616096042527738,10.203055665925266,0.7144777443147715,10.927219311417446,0.7651879261354931,11.619419306594065,0.8136598258645276,12.278622004209803,0.859821061464921,12.904137928934942,0.9036233518339853,13.49573571488059,0.9450504953764516,MOF
RSM0388,1314.7040219999997,"{1.0, 6.0, 8.0, 15.0, 25.0, 31.0}",13.577800615218784,0.660969484258566,14.37724172339742,0.6998864040118036,15.101070411226484,0.7351224991677215,15.757531353990814,0.7670791218248911,16.353701887046128,0.7961007977892628,16.895789914704135,0.8224897288258732,17.38931192244096,0.8465144583213435,MOF
RSM0391,872.1802600000005,"{8.0, 25.0, 1.0, 6.0}",9.587898135738655,0.7035535070322201,10.315935528867193,0.7569764005522207,11.01677161028014,0.8084032801406541,11.688688818475978,0.8577081122914455,12.330154231744014,0.904778412242002,12.94006478511241,0.9495332378276868,13.517854782330256,0.9919310786386473,MOF
RSM0402,846.0687900000011,"{1.0, 6.0, 7.0, 8.0, 23.0, 27.0}",9.41397196900655,0.7121101890738913,10.137244877225989,0.766821421391117,10.83242594522056,0.8194076754611348,11.496968111308423,0.8696762814330241,12.128898540800048,0.9174780062637721,12.72704705433171,0.9627243329436941,13.291065209496539,1.0053889039067112,MOF
RSM0420,1109.356440000001,"{8.0, 1.0, 26.0, 6.0}",12.020269585027314,0.7151333548050635,12.75660305387757,0.7589407436584754,13.444957903543685,0.799893694792886,14.089616040527408,0.83824695575284,14.693496148123222,0.8741741705453405,15.258788380069772,0.9078056400741713,15.78735735893256,0.9392522981067727,MOF
RSM0423,852.6874400000006,"{1.0, 6.0, 7.0, 8.0, 28.0, 30.0}",10.401286297647454,0.8050838600891453,11.096309107536516,0.8588802493647726,11.751695843815927,0.9096087139407737,12.369758292639265,0.9574481914664897,12.952166643610875,1.002527958519381,13.500367288618193,1.044959969210758,14.015806288768232,1.0848561520487539,MOF
RSM0424,1103.9732100000008,"{1.0, 6.0, 7.0, 8.0, 27.0}",12.094446261204881,0.723055094099178,12.786390006870826,0.7644223001149402,13.428759375757204,0.8028257486429176,14.027082402049103,0.8385959280073836,14.585451227679139,0.8719774830648495,15.107047013777533,0.903160596541393,15.594495102155548,0.9323022220278927,MOF
RSM0430,810.3469700000004,"{8.0, 25.0, 1.0, 6.0}",9.682699856923904,0.788622916128109,10.433397105109997,0.8497646495022488,11.15167597403549,0.9082660163292051,11.836561433572346,0.9640476037268016,12.48727765564679,1.0170462231415363,13.103438232971078,1.0672304030162423,13.685123121233369,1.1146066554693255,MOF
RSM0431,710.3620900000001,"{1.0, 6.0, 7.0, 8.0, 25.0}",8.506635046091713,0.7903545543119468,9.207816138902835,0.8555015445258165,9.891542143858313,0.9190267761820575,10.554418500545625,0.9806148594388127,11.193284015956674,1.0399720867045994,11.805603961782786,1.0968629554508798,12.389633890301141,1.151125388405616,MOF
RSM0447,944.1810600000008,"{8.0, 1.0, 27.0, 6.0}",9.845624557989211,0.7090827154944898,10.576387871849684,0.7617123513214488,11.278626362163141,0.8122876269378809,11.951005769669921,0.8607124488787712,12.592295875641145,0.9068982166869533,13.201617642058695,0.950781621969827,13.77856266869833,0.9923332517086136,MOF
RSM0456,683.3519599999996,"{1.0, 7.0, 30.0, 6.0}",7.161146909880992,0.7126020241046909,7.888160531801318,0.7849467734935448,8.608069881368746,0.8565845804160348,9.312860913935076,0.926717971435372,9.996036292652406,0.9947003999232898,10.652756438712416,1.0600502818963813,11.279769676187499,1.1224440447653803,MOF
RSM0466,951.1992800000007,"{8.0, 1.0, 28.0, 6.0}",9.869860294314089,0.7055834819527592,10.638556575957766,0.7605365798480499,11.368136160736057,0.8126932759348298,12.05941058846459,0.8621115861395433,12.71292251383488,0.908830304140654,13.329238998911562,0.9528899684680012,13.909123101290053,0.9943451291171319,MOF
RSM0478,931.2162400000005,"{1.0, 6.0, 7.0, 8.0, 28.0}",9.409445089879823,0.7073127894457545,10.131920083560784,0.7616216034304283,10.828014383405781,0.813947367196264,11.496509767711931,0.8641985063961456,12.136067585415265,0.9122743939464243,12.745611974060289,0.9580941567172623,13.324515119438106,1.0016106015941764,MOF
RSM0480,1180.317880000001,"{64.0, 1.0, 6.0, 7.0, 8.0, 28.0}",10.101595567018181,0.5990858070296047,10.81817336819339,0.6415832112731671,11.505291927009722,0.682333503996974,12.162660620530854,0.7213194495004677,12.789622747783637,0.7585021014380074,13.385588766166656,0.7938464963622047,13.950269979031075,0.8273355128130182,MOF
RSM0485,665.9439199999999,"{1.0, 6.0, 7.0, 8.0, 28.0}",7.977373591443448,0.8385332978203952,8.660945104813214,0.9103862038967561,9.328371581372505,0.9805420412819077,9.976247543567954,1.0486428467576623,10.601386001501483,1.1143536232076479,11.201231025013032,1.1774057067011172,11.774018008783006,1.2376136125918988,MOF
RSM0491,958.1663400000007,"{1.0, 6.0, 7.0, 8.0, 27.0}",9.829370441096135,0.7180965372638001,10.578778715523196,0.7728454644802313,11.295726416987662,0.8252229453073208,11.979088392535656,0.8751467803361734,12.627964664229445,0.9225512205908428,13.241885928402251,0.9674019805247562,13.820889874310998,1.009701813572129,MOF
RSM0492,710.42135,"{1.0, 6.0, 7.0, 8.0, 27.0}",8.335976278755775,0.8213693739819394,9.00925652291095,0.8877097466225734,9.66937799852253,0.9527535453383785,10.312791758062573,1.0161510814172183,10.935930300801223,1.0775508380429244,11.535777070704587,1.1366555846742517,12.110119982507662,1.193247357748379,MOF
RSM0495,919.7452400000014,"{1.0, 6.0, 7.0, 8.0, 48.0}",7.812424578239049,0.6030823764360788,8.453257541795299,0.6525516625315345,9.091894837894959,0.7018514534421957,9.721971019864538,0.750490366669776,10.337576917244824,0.7980122420904091,10.933861925748309,0.8440426359022295,11.507245642150224,0.8883051578420396,MOF
RSM0500,999.3494400000013,"{8.0, 1.0, 6.0, 31.0}",9.568804702075312,0.6894024361983148,10.32039280382191,0.7435520070688952,11.038853114674591,0.7953148242686457,11.723149732490226,0.8446162542896859,12.37240737434805,0.8913932357364991,12.986163869712064,0.9356124706681852,13.564475353064909,0.9772780033985631,MOF
RSM0516,828.3835944000003,"{8.0, 1.0, 13.0, 6.0}",9.243647485376716,0.8034232249965998,10.031947601700429,0.8719393191817061,10.778631383569111,0.9368382774155235,11.484341172667923,0.9981759296319669,12.149778616698164,1.0560132604217922,12.775823275329357,1.1104267178178115,13.363595381359476,1.16151366825992,MOF
RSM0531,999.3494400000013,"{8.0, 1.0, 6.0, 31.0}",9.731079393173214,0.7010938199039473,10.499353533606277,0.7564455676481401,11.228161324809404,0.8089538884279317,11.918038861975706,0.8586574062244431,12.569460883665274,0.9055903244653827,13.183050940223533,0.9497975680019325,13.759687947884009,0.9913424599984239,MOF
RSM0533,1179.7294400000012,"{8.0, 49.0, 1.0, 6.0}",10.035951141957476,0.6125035603256096,10.773531895144515,0.657518809101182,11.477022054522251,0.700453476795155,12.14561856423206,0.741258552151337,12.778850764815452,0.7799053103792271,13.376665060637347,0.8163904804866852,13.939447990474953,0.8507376532997223,MOF
RSM0535,763.9828800000003,"{1.0, 3.0, 6.0, 7.0, 8.0}",10.016759344176064,0.9440089453060472,10.793933001612492,1.017252083078222,11.530319505395138,1.0866513191872176,12.2270222747722,1.15231064311755,12.884850452854018,1.2143063109025283,13.504605423668457,1.2727138473366426,14.087247641968641,1.3276237685087156,MOF
RSM0544,771.9680800000001,"{1.0, 6.0, 7.0, 8.0, 28.0}",8.075186888423266,0.7636178983655624,8.80109526398714,0.832262331715919,9.512871147254183,0.8995703471956448,10.205147599475474,0.9650344283169188,10.873358231367213,1.0282227613476018,11.514036165800428,1.0888075062681752,12.12486826565314,1.146569924746991,MOF
RSM0566,1687.5673799999968,"{1.0, 6.0, 8.0, 15.0, 31.0}",13.675433616654939,0.5996691448447334,14.550023752564947,0.6380200106082924,15.337322041976323,0.6725431200893739,16.046954099464404,0.7036605574589669,16.68720754613407,0.7317357357392885,17.265365421635966,0.7570880169543595,17.787911304975637,0.780001706698194,MOF
RSM0574,1006.7931200000015,"{1.0, 6.0, 7.0, 8.0, 58.0}",8.59589358615967,0.6318042036042267,9.303447051028547,0.6838098792094561,9.99585365634744,0.7347022500210466,10.668114473332839,0.7841138912695677,11.316112533198769,0.8317422028635909,11.936782171812537,0.8773618563405821,12.528110574392155,0.9208249084032458,MOF
RSM0622,1025.1000000000015,"{1.0, 38.0, 7.0, 6.0, 8.0, 28.0}",9.649662105871755,0.7154173446944223,10.373595095199795,0.7690890910498325,11.065759353321704,0.8204055319992668,11.725244891792173,0.8692992018107538,12.351384862046014,0.9157206609262469,12.943930040785279,0.9596514321526484,13.50309568382813,1.0011074743643902,MOF
RSM0644,1471.6086112000007,"{1.0, 6.0, 8.0, 9.0, 49.0}",11.683273056021852,0.6033728978614856,12.47344839936849,0.6441808447824913,13.206229763887434,0.6820247275102683,13.887845586362777,0.7172262084705383,14.523051897117165,0.7500309088847115,15.115554307967653,0.7806302019861007,15.668369909569217,0.8091799029065507,MOF
RSM0660,753.3839999999999,"{1.0, 6.0, 7.0, 8.0, 30.0}",7.959182171110351,0.8240368913417426,8.61827826406011,0.8922749946862274,9.26960015461329,0.9597082126244209,9.908173373046278,1.0258215240801634,10.52938452990267,1.0901372916499532,11.129434928365752,1.1522622253890829,11.705526460773473,1.2119066292094482,MOF
RSM0676,1351.7356800000002,"{8.0, 49.0, 1.0, 6.0}",10.090996427640722,0.5972171380511739,10.845656064899226,0.641880286234612,11.56448823483726,0.6844230513963947,12.247481972020129,0.7248447845673572,12.894523893639837,0.7631387753937121,13.505699506766671,0.7993100844547756,14.081428045510517,0.8333835233533535,MOF
RSM0703,1188.1212400000009,"{8.0, 1.0, 6.0, 39.0}",9.846600743800357,0.6630030951252315,10.581299636078327,0.7124727194391925,11.28426151899644,0.7598053894901454,11.955079568137275,0.8049737124899656,12.593218175941123,0.8479416242700022,13.198327218140284,0.8886855498444097,13.770404434231835,0.9272053370063025,MOF
RSM0740,773.4663599999999,"{1.0, 6.0, 7.0, 8.0, 30.0}",7.5628545696248155,0.8213411942679506,8.22719034081886,0.8934893931635041,8.89081042877983,0.9655598674226838,9.546047083653159,1.0367198840126226,10.18619871351874,1.1062416365924101,10.805963448218122,1.1735493314154248,11.401533781170821,1.2382294656206498,MOF
RSM0777,1409.7824399999995,"{1.0, 6.0, 8.0, 17.0, 25.0}",10.809801032732233,0.6440875279660229,11.510292224394563,0.6858253581660044,12.175533845111351,0.7254628898550857,12.806669407332436,0.7630682576922472,13.404307394383833,0.7986777173421471,13.968925353866547,0.8323197228394974,14.501101513285226,0.8640287270963308,MOF
RSM0788,1789.218069999999,"{1.0, 35.0, 6.0, 8.0, 49.0, 27.0}",10.989822749232026,0.5282334066936596,11.7421760049553,0.5643957845932981,12.45228140237494,0.598527490058406,13.12192294428874,0.6307142724133298,13.752433622158476,0.661020202811628,14.345011451995925,0.6895028647188044,14.90090788550601,0.7162224100237919,MOF
RSM0814,1388.9350399999992,"{1.0, 6.0, 7.0, 8.0, 29.0}",9.236856984209323,0.5852278121015804,9.957321972189714,0.6308749569401715,10.646736806534314,0.674554829414499,11.304050391603335,0.7162008343177043,11.928388393594064,0.7557575757007888,12.519259595779813,0.7931939311061115,13.07663478830035,0.8285080498584235,MOF
RSM0848,1753.3779199999985,"{8.0, 49.0, 1.0, 6.0}",11.484507626958132,0.589493956001358,12.238942114263692,0.6282186958780303,12.946855356212525,0.6645555238080837,13.611811525353867,0.698687386962104,14.236382455078024,0.7307462962445787,14.82256689712456,0.7608348465693074,15.372090729967118,0.789041626403646,MOF
RSM0854,1059.6270000000004,"{1.0, 6.0, 7.0, 8.0, 48.0, 16.0}",8.142882438473803,0.6916201828215419,8.82684270024765,0.7497127225167801,9.508118566982505,0.8075772616481319,10.17875964510805,0.864538529180291,10.831947294520266,0.9200173801788964,11.462384941188242,0.9735639472257138,12.06635051196473,1.0248620939980062,MOF
RSM0860,1109.6148000000014,"{8.0, 1.0, 26.0, 6.0}",10.024333055380586,0.8130659170950599,10.65373775332812,0.8641164463555546,11.261430673084638,0.9134059500446606,11.847063355917888,0.9609061649435539,12.409524886987795,1.0065269856069874,12.947603992744694,1.0501701665722383,13.460366971615496,1.0917599760253676,MOF
RSM0868,1742.7084159999972,"{1.0, 6.0, 8.0, 15.0, 26.0}",13.29961774706434,0.7021053100428255,14.081774204624718,0.743396436794092,14.793567842161746,0.7809730124576862,15.443033182795388,0.8152591906787336,16.03655144171855,0.8465918446784555,16.579458586534003,0.8752526676046823,17.0763917463173,0.9014864599478666,MOF
RSM0885,1118.2145600000015,"{8.0, 1.0, 30.0, 6.0}",8.449988812192913,0.6952144950802169,9.22372975870955,0.7588732682941255,9.96822413026302,0.8201258083995943,10.68165279533871,0.8788224481455151,11.36246711364151,0.9348357746790719,12.009599689837499,0.9880779691019659,12.622558976229438,1.038508589812233,MOF
RSM0927,1316.9178000000006,"{8.0, 1.0, 30.0, 6.0}",9.488572445596478,0.6772828265257471,10.249432879204328,0.7315921241593107,10.978480874451446,0.7836306884138368,11.674196192300533,0.8332900064652855,12.33542723500643,0.8804878786592479,12.961542180755218,0.9251792063187163,13.552470292197132,0.9673589402972075,MOF
RSM0967,1471.8581199999999,"{1.0, 6.0, 7.0, 38.0, 8.0, 30.0}",10.18032533575719,0.6639982610774268,10.880822908819015,0.7096872891842494,11.555908040871048,0.7537188244228463,12.20427568672026,0.7960077469458436,12.824449960022847,0.8364577940176688,13.415215955321807,0.874989725036061,13.975826880955873,0.911554831502213,MOF
RSM0992,1096.4589600000002,"{1.0, 26.0, 6.0, 7.0}",8.75909722599025,0.7828761125241243,9.495843857460997,0.8487255173063454,10.22221310861579,0.9136474060500607,10.930309968039682,0.9769361334489789,11.61373550695323,1.038019772013552,12.267803725164976,1.0964794934651887,12.8894767202351,1.1520437742449017,MOF
RSM0998,1501.7750399999975,"{1.0, 6.0, 7.0, 8.0, 16.0, 30.0}",10.161306987384329,0.6766197810415298,10.882662715963779,0.7246533219758265,11.570112942750605,0.7704291677900456,12.223474795321094,0.8139351413991482,12.842394019838043,0.8551476537949428,13.426740755809647,0.894058057843981,13.976780016425998,0.930684000209913,MOF
RSM1042,1428.0201600000003,"{1.0, 6.0, 7.0, 8.0, 49.0}",9.02936790085923,0.6322997499460532,9.755258972301972,0.6831317404021783,10.460752846337895,0.7325353758547705,11.142327530376878,0.7802640216491675,11.796894805017473,0.8261014189755886,12.42209079335786,0.8698820325728356,13.016383973990028,0.9114986145566758,MOF
RSM1064,1186.4479200000003,"{8.0, 49.0, 1.0, 6.0}",8.387757473828815,0.7211030909224729,9.106796245924832,0.7829195040304278,9.810401240621177,0.8434090613462072,10.493837716904533,0.9021647129056134,11.153096082468059,0.9588417504341376,11.785118231788953,1.0131772658360536,12.387847495293078,1.0649944453692444,MOF
RSM1099,1950.5876239999955,"{1.0, 6.0, 8.0, 15.0, 26.0}",13.07738695355319,0.6972505241166931,13.916343149881921,0.7419813751405834,14.677617637395144,0.7825704498005667,15.369388833062184,0.819453798932988,15.998539712277337,0.8529984039706215,16.571116264426937,0.8835266205402754,17.092561930133805,0.9113286780158101,MOF
RSM1107,1351.7585600000004,"{8.0, 1.0, 26.0, 6.0}",9.623165761351268,0.7403757363153163,10.380047145723005,0.7986077803385185,11.106230203171783,0.8544779928228197,11.79964526823374,0.9078271402966434,12.458696127966942,0.9585324152181153,13.082436380997223,1.006521004478574,13.670609513999612,1.0517731727594604,MOF
RSM1111,1128.1446800000017,"{1.0, 29.0, 6.0, 7.0}",9.007943278667925,0.8304130822843243,9.596754231016119,0.884693654740875,10.172268426417714,0.9377484422897254,10.733321625531486,0.9894701174810955,11.277991696045511,1.0396814851697314,11.804296718851687,1.0881998386595004,12.310592853232558,1.1348736376048718,MOF
RSM1142,1426.4556800000005,"{1.0, 6.0, 7.0, 8.0, 48.0}",8.567133199004932,0.6486359152024493,9.28452639804204,0.7029512834135443,9.984472318794312,0.7559456809971028,10.662880010954431,0.8073093733855637,11.316112899124775,0.8567670277042714,11.941367653596153,0.9041063978856911,12.536792811651141,0.9491873057411239,MOF
RSM1162,1820.41344,"{1.0, 6.0, 8.0, 16.0, 49.0}",10.999414561172024,0.6525642727657398,11.750918797584514,0.6971489015918975,12.462997766650435,0.7393945403953109,13.136212203457783,0.7793344560087627,13.77097912901035,0.8169933891133642,14.367849508274585,0.8524040269081156,14.927651619468925,0.8856155088058698,MOF
RSM1175,1327.00176,"{1.0, 6.0, 7.0, 8.0, 29.0}",8.68466585704091,0.706814369681332,9.454036752178151,0.7694307573753635,10.194995656257902,0.829734793174542,10.906147596636238,0.8876129451679955,11.586028976074608,0.9429460963307671,12.233464732393074,0.9956386124901988,12.847762004388722,1.0456341041130057,MOF
RSM1208,1232.1904799999998,"{1.0, 6.0, 7.0, 8.0, 26.0}",8.943253559858757,0.7983813440795805,9.64772233671144,0.8612706186776079,10.335249450335464,0.9226474786080974,11.001491212093654,0.9821241544816205,11.642697565878214,1.0393658716196248,12.256040804318744,1.0941201951788022,12.839695701044217,1.1462241837113236,MOF
RSM1213,1105.40376,"{1.0, 6.0, 7.0, 8.0, 16.0, 19.0}",8.57515928606104,0.853323966861407,9.220084644742984,0.9175012313344477,9.852149839178447,0.9803987660668254,10.467769980525908,1.0416598346452612,11.06338117225689,1.1009297896257,11.63600433893872,1.1579121797842078,12.183493988414776,1.2123935047277434,MOF
RSM1250,1503.05592,"{8.0, 1.0, 6.0, 31.0}",9.777525988343838,0.7285709707290929,10.522375978462678,0.7840733627447607,11.234559186847042,0.8371415941243682,11.912812412244332,0.8876815376046455,12.556197758794093,0.9356233060077621,13.164271235041017,0.9809338153730128,13.737135124036252,1.0236206873075355,MOF
RSM1289,1596.1694399999985,"{1.0, 7.0, 6.0, 47.0}",8.605420302721502,0.6146076286927609,9.297122675735235,0.6640096962599521,9.980182224963249,0.7127944848047031,10.647648742451175,0.7604656036012286,11.293780622638257,0.8066129815019905,11.914288316899466,0.8509302547018694,12.506314532320792,0.8932133525151137,MOF
RSM1330,1745.055999999997,"{1.0, 6.0, 7.0, 8.0, 29.0}",10.5145445024668,0.6989386943949941,11.266134849123564,0.7488995439105309,11.97669847207457,0.7961332030379842,12.648488269892782,0.8407894298564431,13.282861755372517,0.8829584630081869,13.880805506181366,0.9227058837751001,14.44325774236744,0.9600940589382954,MOF
RSM1386,1398.4148800000003,"{1.0, 6.0, 7.0, 8.0, 30.0}",8.590543960702112,0.7371669810065616,9.30038652571987,0.7980795964402098,9.992240246250825,0.8574485631546618,10.662025076676661,0.9149237665443027,11.306337393207734,0.9702131367373091,11.922642371132811,1.0230991567652206,12.50930661435442,1.0734416625504801,MOF
RSM1440,1774.526175679998,"{1.0, 6.0, 7.0, 8.0, 11.0, 16.0, 17.0, 63.0}",9.865317257394421,0.6893667485339519,10.665063104860575,0.7452512355845875,11.428996126749146,0.7986332008733684,12.15515300183745,0.8493754518161842,12.842047569567274,0.8973741387703843,13.488950245332967,0.9425782799627268,14.095932373509223,0.9849928607817523,MOF
RSM1511,1232.9845199999995,"{1.0, 6.0, 7.0, 8.0, 16.0, 26.0}",8.180798555672716,0.8492744216497609,8.852086325092209,0.9189629157808106,9.515372694040183,0.9878207593694233,10.164611693601216,1.0552203013716313,10.794588220782877,1.1206201455474956,11.401277978867443,1.1836025170008082,11.981915346791377,1.2438803079127845,MOF
RSM1532,1211.7837199999988,"{1.0, 7.0, 30.0, 6.0}",7.915570286993637,0.836117023205417,8.559275366034628,0.904111211241915,9.21100360851403,0.9729528813027766,9.861171968011668,1.0416297818438218,10.50120591585548,1.1092361904560846,11.124178668325229,1.175040435058519,11.724978773012623,1.2385025959464262,MOF
RSM1533,1611.9591200000002,"{8.0, 1.0, 26.0, 6.0}",9.08823605097755,0.7216648363422059,9.877126946375876,0.7843078856342908,10.631646395775572,0.8442216193790777,11.350700420229813,0.9013191685589496,12.033434967894326,0.9555327159230151,12.679434266422609,1.0068292464526605,13.288798616880804,1.0552167247025115,MOF
RSM1544,1192.713719999999,"{1.0, 26.0, 6.0, 7.0}",7.901419769368912,0.8479668788242174,8.547281429551708,0.917279649455713,9.201752417763938,0.987516358471826,9.854787605383162,1.0575989798197725,10.497542422623084,1.126578329371239,11.12294982958424,1.1936959844704258,11.725840745869778,1.2583972082347914,MOF
RSM1572,1851.887739999996,"{8.0, 25.0, 1.0, 6.0}",11.555819762771977,0.82368287004584,12.083626574357723,0.8613042104891427,12.589107475071142,0.897334190845388,13.075714168851771,0.932018843803371,13.544536153078742,0.9654358272312974,13.995523670926492,0.9975815945313731,14.428230256438567,1.0284243222269482,MOF
RSM1618,2091.36256,"{48.0, 1.0, 6.0, 8.0}",10.13453557756757,0.6493507120037831,10.85483365984318,0.6955024146645267,11.547308356084308,0.7398713878263639,12.210952178315058,0.7823930786511821,12.844603003073132,0.8229930263319812,13.447315286405404,0.8616106469737721,14.018556347708685,0.8982118100999971,MOF
RSM1667,1728.9551199999999,"{8.0, 1.0, 6.0, 63.0}",8.33019582297525,0.6552550837320948,9.023366560817285,0.7097800504336694,9.701766936259062,0.7631431770948643,10.361466671434394,0.815035307171581,10.998818984741765,0.8651695839998902,11.610880677837637,0.9133144949337486,12.1955873621122,0.9593076546991337,MOF
RSM1709,1528.785019999999,"{1.0, 6.0, 7.0, 8.0, 27.0}",8.70019186287537,0.7739649969562438,9.41128964833893,0.8372239232001994,10.105838839886644,0.8990106942731455,10.78037619384326,0.9590172216383207,11.431515707297276,1.016942288061163,12.05644608697826,1.0725358022078504,12.653150940727608,1.1256183867755036,MOF
RSM1751,1960.2399599999985,"{56.0, 1.0, 6.0, 8.0}",9.473124171160697,0.6765688951481728,10.190312823345119,0.7277903850446542,10.882402082276764,0.7772192806021301,11.54757313070503,0.8247256822061242,12.184160568193255,0.8701906472445633,12.790924552248168,0.9135256263803259,13.367167172168298,0.9546807749514314,MOF
RSM1804,1453.8981999999999,"{1.0, 6.0, 7.0, 8.0, 28.0}",8.411457442822186,0.8331050081542125,9.11014186550414,0.9023055593800147,9.79473486676394,0.9701104388285285,10.460422700561367,1.0360428734837397,11.102974442060034,1.0996838153157114,11.719140447720093,1.160711406391241,12.3067562201661,1.218911266073456,MOF
RSM1815,2104.340999999999,"{1.0, 6.0, 7.0, 8.0, 25.0}",10.293205954097285,0.7043638162208548,11.020669155956984,0.7541441042387172,11.716687922545928,0.801772650367319,12.38079270465321,0.8472173233663475,13.012476103538662,0.8904434019531854,13.61141121926788,0.9314285163738081,14.177580136329688,0.9701714406702506,MOF
RSM1823,1660.8586599999992,"{1.0, 6.0, 7.0, 8.0, 25.0}",8.480691427387406,0.7352940951301581,9.264415999601784,0.8032446926836372,10.019142209418836,0.868681070161812,10.743270334957328,0.9314645282542321,11.435266217696668,0.9914620521341178,12.093961142918005,1.0485723117343373,12.7187072129569,1.1027391329409058,MOF
RSM1831,2104.340999999999,"{1.0, 6.0, 7.0, 8.0, 25.0}",10.360120688601516,0.7089427897658311,11.08725637500943,0.7587006659098305,11.783016510255017,0.8063115139023206,12.446875866571155,0.8517393924208326,13.078298452772353,0.8949476236024579,13.676946993493159,0.9359131277026945,14.242803805886119,0.9746346946847504,MOF
RSM1848,2495.8316800000052,"{1.0, 6.0, 8.0, 48.0, 17.0}",10.730228596622899,0.619093398924119,11.402128318287744,0.6578594586288092,12.049074930771745,0.6951858187933281,12.669736629594153,0.7309956393620078,13.262680732046325,0.7652062599889216,13.826773570918242,0.7977522723857013,14.361370245416127,0.828596468228145,MOF
RSM1852,1663.5129600000034,"{1.0, 35.0, 6.0, 16.0, 29.0}",8.02477856058374,0.6946553110857978,8.692060037330114,0.7524177301122642,9.351431075391016,0.8094953915215085,9.996470806947615,0.8653324806080582,10.621771934890557,0.9194609211966928,11.223253244137947,0.9715274278090752,11.798189354920048,1.0212960812210825,MOF
RSM1853,1817.2066399999997,"{1.0, 6.0, 7.0, 8.0, 48.0}",8.560961976580307,0.6831030986130144,9.259284169850988,0.7388241794165982,9.944556429299292,0.793503969503654,10.611457014887245,0.8467178323532049,11.255521441810506,0.8981095342368569,11.873385814459088,0.9474106605160589,12.462814107823808,0.9944427925018218,MOF
RSM1854,1453.7439999999986,"{1.0, 6.0, 7.0, 8.0, 29.0}",8.312263901738717,0.829085633888852,8.990803280363203,0.8967648194267117,9.658549138135632,0.9633674326632942,10.311132584517546,1.0284577097171481,10.944331606484775,1.0916145366311358,11.554613868313291,1.1524855895573285,12.139374875709366,1.2108110898327764,MOF
RSM1862,2066.2291699999973,"{1.0, 6.0, 7.0, 8.0, 25.0}",10.550765660469775,0.7455183620452852,11.291769922780007,0.7978778117462563,11.995410263846209,0.8475971223083395,12.662226880111307,0.8947144640767284,13.292565519845112,0.9392542676654734,13.886872137833958,0.9812480442930541,14.445841952053264,1.02074491814467,MOF
RSM1864,1834.5052,"{1.0, 6.0, 7.0, 8.0, 28.0}",9.038410916450973,0.7193263850120686,9.759740742651982,0.7767337745497747,10.456810803289228,0.8322104386949829,11.127698103197188,0.8856033349301978,11.77044096613099,0.9367563422851701,12.383471419573882,0.9855446728947874,12.96581291419022,1.0318906075991348,MOF
RSM1865,2206.7153599999983,"{1.0, 6.0, 7.0, 8.0, 30.0}",10.233240103433065,0.6770483779571954,10.953902822181533,0.724728635612753,11.650801067529516,0.7708365957353515,12.321577623295317,0.8152163009374791,12.96380074759911,0.8577068630860809,13.575519377017606,0.8981791965433058,14.15548848799528,0.9365509284565421,MOF
RSM1868,2545.5433600000033,"{1.0, 6.0, 7.0, 8.0, 23.0, 28.0}",11.762072339175026,0.6746153251616784,12.498445354219198,0.7168501037499516,13.189908107594919,0.7565090479184985,13.838649408726376,0.7937176971418974,14.446321032738194,0.8285707892164027,15.014475908302128,0.8611573925859616,15.544767706344187,0.891572353780785,MOF
RSM1869,1224.0872,"{1.0, 7.0, 30.0, 6.0}",7.062092634600363,0.8423137866743914,7.764787751388051,0.9261260241122166,8.466470735438032,1.009817541898937,9.158043393882437,1.0923031753839398,9.832025464244206,1.17269073459771,10.482778284635552,1.2503076819664405,11.106437231644687,1.324693074006594,MOF
RSM1870,2640.958720000006,"{1.0, 6.0, 7.0, 8.0, 48.0}",10.598504342739874,0.5859166303212866,11.32265121112111,0.6259496084905403,12.013386871517605,0.6641355163785242,12.670501706060818,0.7004627656902094,13.293674692191706,0.7349136093501623,13.882794897084024,0.7674819146640289,14.438112881826132,0.7981815333889848,MOF
RSM1871,1861.9921199999992,"{1.0, 6.0, 7.0, 8.0, 16.0, 29.0}",9.528894347292956,0.7471667359713489,10.175924492489631,0.7979007859085284,10.80533061693164,0.8472529250403166,11.414362274413365,0.8950074891102934,12.000337764482317,0.9409542042607673,12.561144014309898,0.98492738309185,13.095421595268025,1.0268204319302556,MOF
RSM1873,1515.86672,"{8.0, 1.0, 28.0, 6.0}",8.220198987335703,0.7917246525149736,8.910419894106495,0.858202958990714,9.582391626752026,0.922923604725484,10.23356768577584,0.985641324801479,10.86136655476962,1.0461074816632723,11.463593003983206,1.104110642775737,12.03866096044182,1.1594980462560096,MOF
RSM1876,1654.3570200000008,"{1.0, 6.0, 7.0, 8.0, 29.0}",8.416995287780772,0.7479028361748499,9.114649587577457,0.8098937975152941,9.796984028292536,0.870523493265681,10.460515371493528,0.9294824158388423,11.101821437053502,0.9864664830611133,11.718037892288297,1.0412211810038312,12.307092452330217,1.093562374155816,MOF
RSM1877,1529.918879999998,"{1.0, 29.0, 6.0, 7.0}",8.029551615346287,0.7715076288593196,8.7369528820788,0.8394772366398833,9.440425358389286,0.9070693523850277,10.132282430269546,0.9735454191202774,10.805917378952056,1.0382706400132498,11.456159692748571,1.1007482140713514,12.079330314238998,1.160624644486468,MOF
RSM1878,1965.4492049999992,"{1.0, 6.0, 7.0, 8.0, 25.0}",9.861409445133106,0.7375551526576171,10.593942847934368,0.7923428367849134,11.297904423206324,0.844993574998714,11.971977596010715,0.8954088979438041,12.614854481664553,0.9434909862270849,13.225552609716308,0.9891663588570319,13.803572279133625,1.032397642162746,MOF
RSM1883,2011.9976799999986,"{8.0, 1.0, 30.0, 6.0}",9.45286011312047,0.6953404124908488,10.201939005679003,0.7504417066924717,10.92207052167098,0.8034136685521954,11.611811045238557,0.8541501075166785,12.269762130753284,0.9025481556974198,12.894902951205252,0.9485327223530291,13.486741474802514,0.9920676142483292,MOF
RSM1885,1542.715520000001,"{1.0, 6.0, 7.0, 8.0, 30.0}",7.980620721775212,0.7656187103262762,8.767216770194251,0.8410805914422564,9.5273085968497,0.91399979714585,10.257029528036748,0.9840053791313629,10.953511661763184,1.0508222059897019,11.614926010605746,1.1142748143025418,12.240420064809323,1.1742814187749784,MOF
RSM1886,1986.697279999998,"{1.0, 6.0, 7.0, 8.0, 48.0}",9.23397841664642,0.6878898055690053,9.959536854897468,0.7419406415681138,10.665335155715601,0.7945194363209228,11.34727377802676,0.8453207924802526,12.001969152675247,0.8940926493823651,12.626931812081853,0.9406495529042633,13.220589401400545,0.9848743696912308,MOF
RSM1887,1621.620879999997,"{1.0, 6.0, 7.0, 48.0, 28.0}",7.8472033587387235,0.7161884207443933,8.361062316253765,0.7630866363817167,8.865199409837656,0.8090975694984733,9.359564955725983,0.8542166856210239,9.8426983058981,0.8983106762123843,10.31271054012607,0.941207145740909,10.767853536960518,0.9827465489160201,MOF
RSM1889,1798.5732799999978,"{1.0, 6.0, 7.0, 8.0, 30.0}",9.176210560337585,0.7550869225244825,9.919615296991635,0.8162597989639676,10.640235766941716,0.8755578163083663,11.334588249195358,0.9326943080578374,11.999780316286984,0.9874312637461599,12.633712186870763,1.039595897731159,13.235118234638136,1.0890840648574778,MOF
