,Unnamed: 0,mass,atom_types,Cv_molar_250.00,Cv_gravimetric_250.00,Cv_molar_275.00,Cv_gravimetric_275.00,Cv_molar_300.00,Cv_gravimetric_300.00,Cv_molar_325.00,Cv_gravimetric_325.00,Cv_molar_350.00,Cv_gravimetric_350.00,Cv_molar_375.00,Cv_gravimetric_375.00,Cv_molar_400.00,Cv_gravimetric_400.00,structure_type
0,12022N2,2283.0963200000047,"{1.0, 5.0, 6.0, 7.0, 8.0, 30.0}",8.286130960157925,0.7911959445120668,9.069602634885728,0.8660052390628374,9.830722866599457,0.9386803202935728,10.564778820907469,1.0087711862098852,11.26821332946147,1.0759381828544998,11.938615000649037,1.1399510600330187,12.57462684322942,1.2006802462999058,COF
1,13180N3,872.8378800000005,"{8.0, 1.0, 6.0, 7.0}",7.477927051882217,0.8396024827479496,8.240733831247388,0.925248472788834,8.987791601472548,1.0091262044496845,9.713325326023002,1.0905872714303528,10.412548238458523,1.1690942278638672,11.081901539258714,1.2442475008616187,11.719076440097146,1.3157878655879596,COF
2,13181N3,904.9874800000008,"{1.0, 6.0, 7.0, 8.0, 14.0}",8.020888851731144,0.8685723557961835,8.757656434376088,0.9483560265042076,9.478630470959173,1.0264294332049746,10.178461666024198,1.1022133071612998,10.852673916528945,1.1752229365867424,11.497929794442468,1.2450969154350744,12.112071397579768,1.3116015670877748,COF
3,16050N2,2029.4296,"{1.0, 5.0, 6.0, 7.0, 8.0, 28.0}",7.862488948308091,0.736104814958123,8.673618726387323,0.8120447036022297,9.46140953159038,0.8857995423946573,10.220992980456334,0.9569135417590754,10.948731313240277,1.0250461260226285,11.642146291178458,1.0899652766096972,12.29981443017938,1.1515377235722206,COF
4,18150N2,1672.4542799999997,"{1.0, 6.0, 7.0, 8.0, 17.0}",9.720575852109391,0.7555811096816478,10.451998844400428,0.8124346752080157,11.15141255653618,0.8668001569224983,11.819037124539491,0.918694666015106,12.454744525918777,0.968108251287707,13.058391425718966,1.0150297713032046,13.630033816549227,1.059463578371422,COF
5,19000N3,1490.0233600000013,"{16.0, 1.0, 6.0, 7.0}",7.225196697760504,0.8146402786757407,7.948277946757615,0.8961676245500462,8.662418937606704,0.9766869571212125,9.360840447581545,1.0554339196357956,10.037843073009268,1.131765904841623,10.689098215051391,1.2051948636084686,11.31167301002867,1.2753901158199392,COF
6,20560N3,1327.0313760000008,"{1.0, 5.0, 6.0, 8.0, 15.0}",7.999026455119307,0.7233311826489296,8.838402987605523,0.7992338219685486,9.64766241137873,0.8724130493847849,10.42190504135227,0.9424257991035412,11.157587846097163,1.0089516839967008,11.852612858672304,1.0718009903638297,12.506199853572578,1.1309031644393528,COF
7,20561N3,1614.8787872000005,"{1.0, 5.0, 6.0, 8.0, 9.0, 15.0}",9.284241040817474,0.6899025076859321,10.228877800918893,0.7600975044316112,11.116353305886276,0.8260449064534922,11.947126554553588,0.887778821488027,12.72235266282159,0.9453850850228016,13.443794416416733,0.9989946878720184,14.11372030670568,1.048776199321594,COF
8,21000N2,2952.992880000001,"{1.0, 35.0, 6.0, 7.0}",7.533014454672851,0.6122342797932799,8.228053751433793,0.6687225403483226,8.905362628918942,0.7237697880736323,9.560819481964009,0.7770410457851699,10.191177624364004,0.8282724440051342,10.794125478049455,0.8772761127456117,11.368242005564806,0.9239365593511192,COF
9,AFI,1442.0231999999992,"{8.0, 14.0}",12.947415280506208,0.6464624842349607,13.895679251338878,0.6938091606961662,14.762337969162049,0.7370812992326808,15.552919266018352,0.7765549036612739,16.272611777824753,0.8124890417875267,16.926591368440782,0.845142143710127,17.520065133463383,0.8747741989236819,zeo
10,AFR,1922.6975999999968,"{8.0, 14.0}",12.838958648980292,0.6410472610472444,13.81031037674462,0.6895467057157016,14.695705880290644,0.7337543691259116,15.50165312049964,0.7739951927791286,16.234131351350687,0.8105677199210468,16.89891914183857,0.8437604736264848,17.50167006025099,0.8738557357038872,zeo
12,LTA,1442.0231999999992,"{8.0, 14.0}",12.423919309562718,0.6203244096825323,13.353109274595518,0.6667187239226648,14.201514150049396,0.7090794508739922,14.975188822569944,0.7477089101097933,15.679607070898738,0.7828804065737013,16.32003803352343,0.8148570275524609,16.901651931363702,0.8438969213936276,zeo
13,LTL,2163.0347999999967,"{8.0, 14.0}",13.19926861453814,0.6590374830632043,14.125732265072395,0.7052956728332902,14.973619229043852,0.7476305405427313,15.748167323745957,0.7863036096157888,16.4542744187588,0.8215594299388771,17.096820176291892,0.8536416423071544,17.68072117686714,0.8827957308415261,zeo
14,NPT,2163.0347999999967,"{8.0, 14.0}",12.082005644830552,0.6032527121809144,13.002997805347052,0.649237711283001,13.850952282157456,0.6915759498982668,14.628333042186236,0.7303904535221143,15.338306345008508,0.7658393130156397,15.984757917912743,0.7981165421539121,16.572091265200125,0.8274420072398355,zeo
15,RWY,1442.0231999999992,"{8.0, 14.0}",12.053476450426912,0.6018282538247222,13.08650889253686,0.6534074072196997,14.03843564695163,0.7009369659104776,14.908472484090858,0.74437777343287,15.698864788450988,0.7838419414947497,16.413913465761045,0.8195442136678495,17.059102821313964,0.8517584204849173,zeo
18,RSM0004,287.01631999999995,"{8.0, 1.0, 6.0, 63.0}",8.723064946559855,0.3950989417789139,9.256341057457506,0.4192529321919659,9.775196331720172,0.4427537511189686,10.280739514641697,0.4656516176165246,10.77267924098379,0.4879333347065048,11.250046243867072,0.5095550008106576,11.71168572807217,0.5304643111058571,MOF
19,RSM0009,367.98446999999976,"{8.0, 1.0, 27.0, 6.0}",10.43130693620321,0.6236370589130318,11.165003138072152,0.6675011829645625,11.858260267495483,0.7089476517443816,12.513574205964762,0.7481256818561527,13.132582347015417,0.7851331650880248,13.71647956216899,0.8200415369912702,14.266309317598758,0.8529131813284753,MOF
20,RSM0010,380.87807999999967,"{8.0, 1.0, 30.0, 6.0}",10.32373459841092,0.5963119777463709,11.071841445277736,0.6395235761430809,11.77703121787946,0.68025623000764,12.441849250322116,0.7186569610597879,13.068169391537166,0.7548340051856434,13.65752525681345,0.7888759459454747,14.211328113690774,0.8208642999387029,MOF
21,RSM0011,367.5048799999998,"{8.0, 1.0, 28.0, 6.0}",10.24812718649592,0.61348518175571,10.997600788220446,0.6583510328919985,11.705219418718412,0.7007113135798503,12.373381806844224,0.7407096192860708,13.003756910748088,0.7784458591038522,13.59765167789753,0.8139982710263489,14.156258364967254,0.8474382272945049,MOF
22,RSM0012,345.9789499999998,"{8.0, 1.0, 27.0, 6.0}",9.967802236676356,0.6338294546731237,10.70608580530259,0.6807751966316364,11.399281833970525,0.7248539263656117,12.04998608964005,0.7662307026831582,12.660554847565397,0.8050553556695829,13.23318347572828,0.8414674836894623,13.76996918280696,0.8756004433846429,MOF
23,RSM0015,387.9710299999998,"{8.0, 1.0, 27.0, 6.0}",11.646774602900752,0.7805122451421688,12.184852872165015,0.8165717287610124,12.698203171335052,0.8509740597247983,13.191418202244732,0.8840270193843165,13.66604949187491,0.915834583805775,14.122158343468218,0.9464008612451652,14.55925067281859,0.9756927404947826,MOF
25,RSM0020,391.33752,"{1.0, 29.0, 6.0, 7.0}",7.857852061268782,0.6023842585757263,8.583810645745977,0.6580363655710276,9.297023551840551,0.7127113867211521,9.991409878114103,0.7659431591006738,10.661689298946731,0.8173268920608533,11.303811184238056,0.8665520636179779,11.915051397168986,0.9134098409860358,MOF
29,RSM0025,391.3786399999999,"{1.0, 6.0, 7.0, 48.0, 28.0}",8.462476300534776,0.7351555879957642,9.01141691673485,0.7828433743062345,9.542384830026275,0.8289698288616199,10.057533069810606,0.8737219904835909,10.557080444083825,0.9171188675469109,11.040417076671671,0.9591074786473708,11.50676396857019,0.9996201502754128,MOF
30,RSM0030,553.0519199999997,"{48.0, 1.0, 6.0, 8.0}",9.08459864197745,0.5584943160982672,9.802688778915227,0.6026403786521851,10.497142480933478,0.6453333429377454,11.16530382021263,0.6864099303501734,11.804824389506798,0.72572576774208,12.413968719844693,0.7631741636024332,12.99172379719866,0.7986928408181906,MOF
31,RSM0040,467.0003200000002,"{1.0, 7.0, 30.0, 6.0}",9.533778294772066,0.6941075801024079,10.225527438581048,0.74447043828954,10.892908208258913,0.7930591548219985,11.534050253555318,0.8397375586827877,12.147090016558847,0.884369973371754,12.730543741952577,0.9268483739505518,13.283478218022877,0.967104817857036,MOF
32,RSM0043,420.18980359999966,"{1.0, 6.0, 8.0, 9.0, 13.0}",8.74925357968042,0.7495972681153737,9.557746011062344,0.8188653162221681,10.32527358077957,0.8846236765466928,11.051811179208322,0.9468701978076746,11.737635798666783,1.005628611479245,12.383362564344258,1.0609516187612549,12.989962233454824,1.1129223898291998,MOF
33,RSM0044,614.32352,"{8.0, 1.0, 29.0, 6.0}",11.925957330382037,0.6988735575251185,12.483336894572476,0.7315365822304982,13.009130543568668,0.7623486393105575,13.509831196952732,0.791690220635372,13.9884683481069,0.8197388576817772,14.446224006841351,0.8465638174593879,14.883433068998595,0.8721847252144106,MOF
34,RSM0047,725.9052800000006,"{48.0, 1.0, 6.0, 7.0}",14.56733816930811,0.7224416029803387,14.928273144341782,0.7403415404228824,15.2408174261192,0.7558416262522443,15.517912934653058,0.7695836923069489,15.768740388530183,0.782023040233412,15.99975024976731,0.7934795693890292,16.21542806030383,0.804175732364059,MOF
35,RSM0052,715.7097880000003,"{1.0, 6.0, 8.0, 15.0, 25.0}",12.681844303965171,0.6378931832391622,13.477851574576102,0.6779321239138055,14.208112121508217,0.7146640229744847,14.877962305266786,0.7483572978459868,15.492201518554117,0.7792533566244142,16.055357874931417,0.8075799621417651,16.571758816017496,0.833554783488066,MOF
36,RSM0055,367.266125,"{25.0, 7.0, 1.0, 6.0}",7.714986455385949,0.7772415679482558,8.438567677587493,0.8501383133844355,9.141935771668145,0.9209986996533408,9.821443280552176,0.989455265934016,10.474073060407074,1.0552040519257304,11.097642311436267,1.118025152804773,11.690843416338064,1.1777868334698944,MOF
37,RSM0056,473.9345999999997,"{8.0, 1.0, 26.0, 6.0}",8.371051141821306,0.6711895341450274,9.121506264852016,0.7313609052058593,9.83610447619064,0.7886572748544729,10.51342518133583,0.842964740052239,11.152850673126617,0.8942337731383438,11.754471499525655,0.9424716342338696,12.318978450652343,0.987733710779482,MOF
38,RSM0059,503.3779199999999,"{1.0, 6.0, 7.0, 8.0, 29.0}",8.569304343866612,0.6468967988642239,9.322339639030568,0.7037434345216446,10.053172153698798,0.7589139822433102,10.75862430338284,0.8121685661710153,11.43562306519038,0.8632752038016179,12.081717395844668,0.9120488658741678,12.69529016202162,0.9583674749913976,MOF
39,RSM0060,575.3397727999999,"{1.0, 6.0, 7.0, 8.0, 9.0, 29.0}",9.601014564771695,0.6341271205461229,10.404761321078244,0.687212928591356,11.170222238973578,0.7377700363304277,11.897578358679349,0.7858104010948976,12.58671407685511,0.8313263875236373,13.237599997753856,0.8743160540884592,13.850511884503206,0.9147976143726144,MOF
40,RSM0061,645.4998799999998,"{48.0, 1.0, 6.0, 16.0}",9.461062417198375,0.5569642737246341,10.144171411812954,0.5971782886294142,10.80431766113386,0.6360405072779979,11.438894630387024,0.6733974853019445,12.045481570106103,0.7091067153475413,12.622306118031233,0.7430638600353993,13.1683996652512,0.7752118982261402,MOF
41,RSM0062,416.2076771999997,"{8.0, 1.0, 13.0, 6.0}",8.497991979034808,0.7758715489722904,9.264820197145996,0.8458834057555634,9.99680624790726,0.912714152646284,10.692661695237172,0.9762461546901348,11.351628401452045,1.0364101934811163,11.97352242505058,1.093189475054504,12.558715620975414,1.1466179499801552,MOF
42,RSM0064,501.6905999999995,"{8.0, 1.0, 6.0, 31.0}",8.74794465585177,0.6626033992312544,9.504367275652289,0.7198977945267209,10.224116840445491,0.7744144298038055,10.906379593021825,0.8260916679220813,11.550776161926184,0.8749007738099845,12.157427088456489,0.9208508777348966,12.72694742972213,0.963988566517773,MOF
44,RSM0067,673.7539328000005,"{1.0, 6.0, 7.0, 9.0, 30.0}",10.777676586260888,0.6398583258116681,11.534335829468784,0.6847803192203512,12.24049072582086,0.726703927349356,12.90021064563141,0.7658707440575789,13.516480540135626,0.802457982484113,14.091710813383092,0.8366087455591075,14.628060033477595,0.8684511850007911,MOF
45,RSM0068,494.1029543999997,"{8.0, 1.0, 13.0, 6.0}",10.085575383122656,0.8164756185576585,10.980041894895578,0.8888869655295941,11.80034637226663,0.9552945407174144,12.551696986033264,1.0161199704846997,13.239549154863637,1.0718048970940253,13.86925416472416,1.1227825327671563,14.44589073793082,1.1694640243932797,MOF
47,RSM0076,482.1268699999996,"{8.0, 1.0, 27.0, 6.0}",8.806643202794623,0.7306494411145043,9.524227284121608,0.7901843167647234,10.216925215500437,0.8476544952162027,10.882477889113607,0.9028725479758982,11.518906435371468,0.9556742967154248,12.124825287603556,1.0059447869066966,12.699537194193177,1.0536261705715084,MOF
49,RSM0079,1009.5992080000008,"{1.0, 6.0, 8.0, 15.0, 48.0}",13.835432398245445,0.5481554378654161,14.52503478898998,0.5754772655879486,15.154504939024129,0.6004166730298828,15.728946662440508,0.6231758716847366,16.253075973229926,0.6439417085291498,16.731362381474383,0.6628912641331774,17.16805374179049,0.6801928371477278,MOF
53,RSM0084,657.1347200000001,"{1.0, 6.0, 7.0, 8.0, 48.0}",11.845277415108097,0.7570771050334092,12.493806327214852,0.7985270748485541,13.086165037615498,0.8363869916656524,13.63006662136242,0.8711498276901599,14.131954455418644,0.9032274038534792,14.597058101153603,0.9329539614775664,15.02958538947058,0.9605984391720532,MOF
54,RSM0085,674.3878500000003,"{1.0, 6.0, 7.0, 8.0, 16.0, 25.0}",10.5248672802085,0.6554750738299284,11.349565406529766,0.7068362027492785,12.124821842199,0.7551181673459239,12.85251128137385,0.8004377211388097,13.534265171098763,0.8428964685323851,14.171690981365732,0.8825945206713919,14.766511105632054,0.9196391459848304,MOF
57,RSM0088,695.2717600000002,"{1.0, 6.0, 7.0, 8.0, 16.0, 30.0}",10.651961224106271,0.6434640339950861,11.46459011264814,0.6925533473863827,12.229498896396462,0.7387599830728797,12.94806107095558,0.782166911223511,13.62159846471761,0.8228539808925067,14.251542082597371,0.860907636273174,14.839520414102395,0.8964262512147775,MOF
58,RSM0089,542.1888100000001,"{1.0, 6.0, 7.0, 8.0, 25.0}",11.660357536581294,0.9032554849968488,12.331685113936588,0.9552590633239676,12.94325622577622,1.0026336793682649,13.50359790046618,1.0460398690625494,14.019707347477931,1.086019662770379,14.497212819681511,1.123009046288918,14.940625428672607,1.1573574674184983,MOF
63,RSM0108,753.7919600000004,"{1.0, 6.0, 7.0, 8.0, 30.0}",10.723020521284887,0.6259192562050342,11.465032017845084,0.6692316123737688,12.172924797856671,0.7105524064036094,12.846146311863732,0.7498493851300881,13.484189330027466,0.787092940764728,14.08686157176765,0.8222718495933232,14.654392258358625,0.8553994916154043,MOF
64,RSM0112,586.1980371999997,"{8.0, 1.0, 13.0, 6.0}",10.940282698576292,0.8211771588943783,11.696638047574396,0.8779491595562676,12.408139057375156,0.9313543954058588,13.07796230390292,0.981631300098336,13.708377026991222,1.0289502026800954,14.301132211107172,1.0734423818516257,14.857741858738798,1.1152214785759564,MOF
65,RSM0113,709.7875200000005,"{1.0, 6.0, 7.0, 8.0, 30.0}",10.314306399386712,0.639387800976009,10.978257095041018,0.6805463586930979,11.626100471469108,0.7207064175270937,12.254425079511794,0.759656500439059,12.85973374592454,0.7971798163211989,13.439124071180515,0.8330964443160994,13.990556384198312,0.8672799444328427,MOF
66,RSM0114,624.0638399999999,"{1.0, 6.0, 7.0, 48.0, 17.0}",8.940828038458768,0.6303785101411835,9.58675008813219,0.6759196364875368,10.219508680910188,0.720532665312011,10.836119086737138,0.7640071564095656,11.433047589507668,0.8060939629803539,12.007119462745266,0.8465692490063064,12.555956018814618,0.885265303671245,MOF
67,RSM0116,1005.689040000001,"{1.0, 6.0, 8.0, 48.0, 17.0}",12.067502741178371,0.5279664980855789,12.709879472098187,0.5560711855548507,13.32072725821012,0.5827964470620508,13.901092119623836,0.6081880471357709,14.451378427337778,0.6322636774512941,14.97182291172893,0.6550336952226031,15.462762909758275,0.6765128593122218,MOF
69,RSM0122,735.9689400000001,"{8.0, 1.0, 27.0, 6.0}",10.659616384885767,0.6372865693693184,11.409327179953364,0.6821081279842435,12.1184669752734,0.7245041440363359,12.788383295911302,0.7645551794890926,13.420241250546916,0.8023308905183747,14.015145510925908,0.8378973200699745,14.574246839330014,0.8713232666184534,MOF
71,RSM0129,666.8691280000002,"{1.0, 6.0, 8.0, 15.0, 30.0}",10.37912539080301,0.7159422260388973,11.16709245805234,0.7702954470407085,11.901892951433837,0.8209812881995585,12.586727677113856,0.8682205380892023,13.224229338048636,0.9121947980627424,13.816825549738208,0.9530715227350536,14.366930328830508,0.991017228685091,MOF
72,RSM0134,572.20489,"{1.0, 6.0, 7.0, 8.0, 25.0}",8.946771270039095,0.719237961111794,9.679445409856823,0.7781382099922529,10.38825237476718,0.8351197579581858,11.070886833564858,0.8899972776254734,11.725138593089138,0.9425930898320362,12.349251382467449,0.992766006584639,12.942090807065002,1.0404248330086625,MOF
73,RSM0135,1223.40036,"{1.0, 6.0, 8.0, 44.0, 48.0, 19.0}",13.69967825088571,0.5151095423420855,14.38543817766956,0.5408941976875009,15.019951525328686,0.5647519755226488,15.607241136797697,0.58683413522348,16.150646881801183,0.6072662562914846,16.653165270947245,0.6261610078842655,17.11760718910019,0.6436240796092367,MOF
76,RSM0140,491.4946399999997,"{1.0, 29.0, 6.0, 7.0}",8.050857633701478,0.7534964189035066,8.711957913028419,0.8153701615124582,9.364337548297156,0.8764277210056033,10.002255130887182,0.9361317470742117,10.62079199988753,0.994021892069518,11.216179144081126,1.0497454064356269,11.785847569214482,1.1030618526864635,MOF
78,RSM0147,1005.283812000001,"{1.0, 6.0, 8.0, 15.0, 29.0}",12.048134607613568,0.575270838207281,12.861668048720771,0.6141151970908256,13.613286622188305,0.6500032628248846,14.307401258232147,0.6831456472265788,14.947764477526755,0.713721524565128,15.537876699881869,0.7418980318707539,16.081164528254863,0.7678387815880126,MOF
80,RSM0150,869.7422680000008,"{1.0, 6.0, 8.0, 15.0, 25.0}",12.341994799893811,0.6811394273813797,13.157403387995728,0.7261408187923027,13.903782590245948,0.7673325637794631,14.588103476713158,0.8050993870775417,15.216186787911562,0.8397625281559322,15.793057374905358,0.8715993023297063,16.32317026987469,0.9008555773145251,MOF
83,RSM0155,712.34692,"{8.0, 1.0, 28.0, 6.0}",9.892409281891076,0.6804662745122316,10.663650347032664,0.7335174089116586,11.394504618782056,0.7837904687231901,12.08680819400852,0.8314117530071127,12.741894526362085,0.8764729856510676,13.360856516366114,0.9190493436848716,13.944739144755143,0.9592127078937916,MOF
85,RSM0159,548.2294800000003,"{1.0, 26.0, 6.0, 7.0}",8.705442131808635,0.7780804936987753,9.42694492697742,0.8425674252721567,10.14119112338681,0.9064057719879518,10.839579643164177,0.9688267812869974,11.51513171942388,1.029206700544031,12.162716630820585,1.087086952912872,12.778967297778628,1.1421665934330136,MOF
87,RSM0161,1532.728745999998,"{1.0, 6.0, 8.0, 15.0, 92.0, 30.0}",12.405520475385025,0.396593660085153,13.18978742368405,0.4216659897892456,13.9124532538177,0.4447689855208523,14.576788786625228,0.4660072125669111,15.186015976714058,0.4854836740035864,15.743574687082326,0.5033083392480687,16.253135839125143,0.5195985644527953,MOF
89,RSM0166,519.7895199999997,"{1.0, 6.0, 7.0, 8.0, 28.0}",7.743558544175186,0.7448744391936942,8.439851831159608,0.8118528275790952,9.124601643013946,0.8777208169774133,9.792294001934874,0.9419480025236828,10.438088698035584,1.0040687909632722,11.05827409597869,1.0637261497671882,11.650369045778625,1.1206814102156804,MOF
90,RSM0171,1004.309768000001,"{1.0, 6.0, 8.0, 15.0, 30.0}",11.939672263963004,0.5944217931754197,12.688036687518755,0.631679442528271,13.385061340816373,0.6663811190182688,14.034638295111744,0.698720591111075,14.63972452225457,0.7288450729404115,15.20288162244916,0.7568820948901268,15.72654700855021,0.782953004622683,MOF
91,RSM0174,606.2656827999998,"{1.0, 6.0, 7.0, 9.0, 27.0}",8.355864660198034,0.6891256504579807,9.130253124150927,0.7529910881631491,9.881540731161415,0.8149513498375945,10.605743593348262,0.8746778759079933,11.29944044685732,0.9318885075823168,11.960115039327468,0.9863757242608908,12.586250851694412,1.0380144554418458,MOF
92,RSM0178,781.8319200000005,"{8.0, 1.0, 30.0, 6.0}",10.099029844265594,0.645856838658211,10.861379582838468,0.6946109070884737,11.585050628097417,0.7408913816218586,12.270869158749631,0.7847510983402688,12.91934941863414,0.8262229443531885,13.531012309384918,0.8653402325518322,14.106568655801407,0.9021484218629368,MOF
93,RSM0181,806.8448800000008,"{64.0, 1.0, 6.0, 8.0}",8.755687579602423,0.5425880362283773,9.4544030613926,0.5858872811706131,10.134149218031292,0.6280110011995913,10.791258047150455,0.6687318910141963,11.422628490173986,0.7078577786955762,12.025939937429666,0.7452448565720374,12.599710017382774,0.7808012624051579,MOF
96,RSM0200,721.1527050000002,"{1.0, 6.0, 7.0, 8.0, 27.0}",9.609812711891944,0.679607030395163,10.343099748825152,0.7314651717074022,11.053458389714828,0.7817018142855833,11.738155496459552,0.8301236702973153,12.394495068688212,0.87654007829465,13.020323393777272,0.9207987274798348,13.614235295273248,0.9628002436168293,MOF
97,RSM0202,688.48488,"{8.0, 1.0, 30.0, 6.0}",9.343347034334505,0.6921149797088639,10.056034785706132,0.7449078243679262,10.745486620426618,0.7959794522165216,11.408925622140249,0.8451241612294415,12.043996529692055,0.8921674837859837,12.648997060410256,0.9369833221042168,13.22294837930112,0.9794991682959792,MOF
98,RSM0203,669.1251149999998,"{8.0, 25.0, 1.0, 6.0}",10.215143401375212,0.7785872952476697,10.943028288058692,0.8340659021459589,11.631185986376432,0.8865165452729991,12.281453048860392,0.9360792046968378,12.895048050218398,0.9828467588772818,13.472943885498523,1.0268933608334592,14.01611465829082,1.0682932556982738,MOF
103,RSM0218,400.86464000000007,"{8.0, 1.0, 6.0, 30.0}",9.046140699554222,0.5867308680266978,9.498626000917028,0.6160789737499488,9.958883931662436,0.6459312106531104,10.425844321974846,0.6762181677369846,10.895812958383532,0.7067002390581812,11.364251694337176,0.7370830813432847,11.826800745254294,0.767083919840402,MOF
107,RSM0225,914.6146992000006,"{1.0, 6.0, 7.0, 9.0, 30.0}",10.528508939509392,0.6216163847255025,11.204461321565317,0.6615254619171843,11.858860468448606,0.7001620090474753,12.489774249321751,0.7374119506862329,13.094527821105528,0.7731173607402023,13.670750731669411,0.8071382847398565,14.216824488326507,0.8393791648451904,MOF
110,RSM0229,638.0939379999998,"{1.0, 6.0, 8.0, 15.0, 25.0}",9.283381718519198,0.7856250983535232,9.971732209469495,0.8438781615746255,10.633741709087904,0.8999020647187954,11.26806252855794,0.9535827568732194,11.873172015304384,1.0047913804604065,12.44792309478227,1.0534308619591413,12.991780685791424,1.099455919032312,MOF
112,RSM0231,1319.0660399999992,"{8.0, 49.0, 1.0, 6.0}",13.11056800616332,0.5367211730603115,13.83652962487713,0.5664406307840094,14.495334826461155,0.5934108353126147,15.09648649834087,0.6180208163879403,15.647461578274568,0.6405766653099697,16.15414570516848,0.6613193286964605,16.621235782169475,0.6804410886335548,MOF
123,RSM0249,748.0384200000001,"{8.0, 25.0, 1.0, 6.0}",9.467178666478024,0.70873633111354,10.157449083705476,0.7604116760306331,10.820645990903946,0.8100602312520538,11.45738364363216,0.857727981463039,12.067276567668282,0.9033860691131662,12.649673517725622,0.946985740374986,13.204076330265035,0.9884897014980086,MOF
125,RSM0260,868.94368,"{1.0, 6.0, 7.0, 8.0, 17.0, 28.0}",10.067286615934632,0.6487969973984268,10.75712397524102,0.6932542999950206,11.421220246641354,0.7360526907933963,12.058850671136238,0.7771454619287056,12.668729058768102,0.8164497235206472,13.249663825641653,0.8538886826772624,13.80087951912704,0.8894123645287509,MOF
126,RSM0268,887.8187200000002,"{1.0, 6.0, 8.0, 16.0, 20.0, 29.0}",11.098753216012044,0.7000642880076626,11.833920412350103,0.7464356497141733,12.53071654364591,0.7903867204378962,13.189468249993118,0.8319381033096649,13.810544320519654,0.8711130600502549,14.394530895034896,0.9079485619789072,14.942309468474448,0.9425002102169784,MOF
128,RSM0280,934.7547200000008,"{1.0, 6.0, 8.0, 16.0, 29.0}",10.739811258376085,0.6434088190205235,11.518892499984585,0.6900826133289126,12.252926996605998,0.7340577128189685,12.943301645286692,0.7754172047786548,13.591302109870169,0.8142381117398677,14.198290839524187,0.8506020563483796,14.765798430583468,0.88460073473892,MOF
129,RSM0292,710.1869000000007,"{8.0, 57.0, 1.0, 6.0}",8.361713002452237,0.6593418269716392,8.945515221964962,0.7053760811837523,9.528404189058543,0.7513383231756005,10.105791969021611,0.7968667829063163,10.672802861789911,0.8415769993226212,11.225078968301291,0.8851253412656185,11.759169213459412,0.9272396828971732,MOF
130,RSM0299,865.9340649999998,"{1.0, 6.0, 7.0, 17.0, 27.0}",10.049872425292016,0.6615315777439071,10.75399057743978,0.7078800658039335,11.434538991993108,0.7526770788762159,12.089194039750376,0.7957696643632695,12.715558583869226,0.8370000310364809,13.311732989813128,0.8762431356934184,13.87654648482471,0.9134219123658204,MOF
132,RSM0304,616.3019963999998,"{1.0, 6.0, 7.0, 8.0, 9.0, 27.0}",8.342143355504984,0.7850766628139535,9.046975111674517,0.8514081725228726,9.73505565014877,0.9161632300508784,10.402058628110664,0.9789346845452128,11.044162458680386,1.0393628875862304,11.658450870940648,1.0971733897738154,12.243027686201913,1.1521877422880131,MOF
133,RSM0306,810.0458064000006,"{1.0, 6.0, 8.0, 13.0, 15.0}",9.67863172154964,0.6929986371322304,10.539910741661858,0.7546669807886401,11.35112758552794,0.8127508281124534,12.11237865364022,0.8672570814646368,12.824170241845549,0.918221992078004,13.487601910192655,0.965724289429731,14.104367826436237,1.0098852774374427,MOF
134,RSM0313,894.0003200000004,"{1.0, 6.0, 7.0, 8.0, 49.0}",10.260562454224273,0.6656738359389038,10.98770350398068,0.7128485180305966,11.683897158171108,0.7580154279742584,12.349183021732694,0.8011771352167926,12.98311809478402,0.8423048992840101,13.585227118495578,0.8813678868400664,14.155273633187356,0.9183507571058434,MOF
135,RSM0317,624.3387099999999,"{1.0, 6.0, 7.0, 8.0, 27.0}",8.044385599463677,0.7473096851048903,8.805725775198415,0.818036887319558,9.547197463749832,0.8869183410035402,10.263532257219158,0.9534646200596968,10.950548688912482,1.0172872733726923,11.605295746600312,1.078112156945736,12.22602391425684,1.1357767437276105,MOF
141,RSM0388,1314.7040219999997,"{1.0, 6.0, 8.0, 15.0, 25.0, 31.0}",13.577800615218784,0.660969484258566,14.37724172339742,0.6998864040118036,15.101070411226484,0.7351224991677215,15.757531353990814,0.7670791218248911,16.353701887046128,0.7961007977892628,16.895789914704135,0.8224897288258732,17.38931192244096,0.8465144583213435,MOF
143,RSM0402,846.0687900000011,"{1.0, 6.0, 7.0, 8.0, 23.0, 27.0}",9.41397196900655,0.7121101890738913,10.137244877225989,0.766821421391117,10.83242594522056,0.8194076754611348,11.496968111308425,0.8696762814330241,12.128898540800048,0.917478006263772,12.72704705433171,0.962724332943694,13.29106520949654,1.0053889039067112,MOF
144,RSM0420,1109.356440000001,"{8.0, 1.0, 26.0, 6.0}",12.020269585027314,0.7151333548050635,12.75660305387757,0.7589407436584754,13.444957903543685,0.799893694792886,14.089616040527408,0.83824695575284,14.693496148123222,0.8741741705453405,15.258788380069772,0.9078056400741712,15.78735735893256,0.9392522981067728,MOF
145,RSM0423,852.6874400000006,"{1.0, 6.0, 7.0, 8.0, 28.0, 30.0}",10.401286297647454,0.8050838600891453,11.096309107536516,0.8588802493647726,11.751695843815927,0.9096087139407736,12.369758292639265,0.9574481914664896,12.952166643610877,1.002527958519381,13.500367288618191,1.044959969210758,14.015806288768232,1.084856152048754,MOF
147,RSM0430,810.3469700000004,"{8.0, 25.0, 1.0, 6.0}",9.682699856923904,0.788622916128109,10.433397105109997,0.8497646495022488,11.15167597403549,0.9082660163292052,11.836561433572346,0.9640476037268016,12.48727765564679,1.0170462231415365,13.103438232971078,1.0672304030162425,13.685123121233367,1.1146066554693257,MOF
148,RSM0431,710.3620900000001,"{1.0, 6.0, 7.0, 8.0, 25.0}",8.506635046091713,0.7903545543119468,9.207816138902835,0.8555015445258165,9.891542143858311,0.9190267761820576,10.554418500545625,0.9806148594388128,11.193284015956674,1.0399720867045994,11.805603961782786,1.0968629554508798,12.38963389030114,1.151125388405616,MOF
153,RSM0480,1180.317880000001,"{64.0, 1.0, 6.0, 7.0, 8.0, 28.0}",10.10159556701818,0.5990858070296047,10.81817336819339,0.6415832112731671,11.505291927009722,0.682333503996974,12.162660620530854,0.7213194495004677,12.789622747783636,0.7585021014380074,13.385588766166656,0.7938464963622047,13.950269979031075,0.8273355128130182,MOF
155,RSM0491,958.1663400000008,"{1.0, 6.0, 7.0, 8.0, 27.0}",9.829370441096136,0.7180965372638001,10.578778715523196,0.7728454644802313,11.295726416987662,0.8252229453073208,11.979088392535656,0.8751467803361734,12.627964664229443,0.9225512205908428,13.241885928402253,0.9674019805247562,13.820889874310998,1.009701813572129,MOF
161,RSM0533,1179.7294400000012,"{8.0, 49.0, 1.0, 6.0}",10.035951141957476,0.6125035603256096,10.773531895144515,0.657518809101182,11.477022054522251,0.700453476795155,12.14561856423206,0.741258552151337,12.778850764815452,0.7799053103792271,13.376665060637349,0.8163904804866852,13.939447990474951,0.8507376532997223,MOF
162,RSM0535,763.9828800000003,"{1.0, 3.0, 6.0, 7.0, 8.0}",10.016759344176064,0.9440089453060472,10.793933001612492,1.017252083078222,11.530319505395138,1.0866513191872176,12.2270222747722,1.15231064311755,12.884850452854018,1.2143063109025285,13.504605423668457,1.2727138473366426,14.08724764196864,1.3276237685087156,MOF
164,RSM0566,1687.5673799999968,"{1.0, 6.0, 8.0, 15.0, 31.0}",13.67543361665494,0.5996691448447334,14.550023752564949,0.6380200106082924,15.337322041976323,0.6725431200893739,16.046954099464404,0.7036605574589669,16.68720754613407,0.7317357357392885,17.265365421635966,0.7570880169543595,17.787911304975637,0.780001706698194,MOF
165,RSM0574,1006.7931200000016,"{1.0, 6.0, 7.0, 8.0, 58.0}",8.59589358615967,0.6318042036042267,9.303447051028549,0.6838098792094561,9.99585365634744,0.7347022500210466,10.66811447333284,0.7841138912695677,11.316112533198767,0.8317422028635909,11.936782171812537,0.8773618563405821,12.528110574392157,0.9208249084032458,MOF
166,RSM0622,1025.1000000000015,"{1.0, 38.0, 7.0, 6.0, 8.0, 28.0}",9.649662105871757,0.7154173446944223,10.373595095199796,0.7690890910498325,11.065759353321704,0.8204055319992668,11.725244891792173,0.8692992018107538,12.351384862046014,0.9157206609262468,12.94393004078528,0.9596514321526484,13.50309568382813,1.0011074743643902,MOF
167,RSM0644,1471.6086112000007,"{1.0, 6.0, 8.0, 9.0, 49.0}",11.683273056021852,0.6033728978614856,12.47344839936849,0.6441808447824913,13.206229763887434,0.6820247275102683,13.887845586362776,0.7172262084705383,14.523051897117163,0.7500309088847115,15.115554307967653,0.7806302019861007,15.668369909569217,0.8091799029065507,MOF
169,RSM0676,1351.7356800000002,"{8.0, 49.0, 1.0, 6.0}",10.090996427640722,0.5972171380511739,10.845656064899226,0.641880286234612,11.56448823483726,0.6844230513963947,12.247481972020127,0.7248447845673572,12.894523893639835,0.7631387753937121,13.505699506766671,0.7993100844547756,14.081428045510515,0.8333835233533535,MOF
170,RSM0703,1188.1212400000009,"{8.0, 1.0, 6.0, 39.0}",9.846600743800357,0.6630030951252315,10.581299636078327,0.7124727194391925,11.28426151899644,0.7598053894901454,11.955079568137275,0.8049737124899656,12.593218175941123,0.8479416242700022,13.198327218140284,0.8886855498444097,13.770404434231835,0.9272053370063024,MOF
172,RSM0777,1409.7824399999995,"{1.0, 6.0, 8.0, 17.0, 25.0}",10.809801032732231,0.6440875279660229,11.510292224394563,0.6858253581660044,12.175533845111351,0.7254628898550857,12.806669407332436,0.7630682576922472,13.404307394383832,0.7986777173421471,13.968925353866547,0.8323197228394974,14.501101513285226,0.8640287270963308,MOF
173,RSM0788,1789.218069999999,"{1.0, 35.0, 6.0, 8.0, 49.0, 27.0}",10.989822749232026,0.5282334066936596,11.7421760049553,0.5643957845932981,12.45228140237494,0.598527490058406,13.12192294428874,0.6307142724133298,13.752433622158476,0.661020202811628,14.345011451995925,0.6895028647188044,14.90090788550601,0.7162224100237919,MOF
176,RSM0854,1059.6270000000004,"{1.0, 6.0, 7.0, 8.0, 48.0, 16.0}",8.142882438473803,0.6916201828215419,8.82684270024765,0.7497127225167801,9.508118566982503,0.8075772616481319,10.17875964510805,0.864538529180291,10.831947294520266,0.9200173801788964,11.462384941188242,0.9735639472257138,12.06635051196473,1.0248620939980062,MOF
178,RSM0868,1742.7084159999972,"{1.0, 6.0, 8.0, 15.0, 26.0}",13.29961774706434,0.7021053100428255,14.081774204624718,0.743396436794092,14.793567842161746,0.7809730124576862,15.443033182795388,0.8152591906787336,16.03655144171855,0.8465918446784555,16.579458586534003,0.8752526676046823,17.0763917463173,0.9014864599478666,MOF
179,RSM0885,1118.2145600000017,"{8.0, 1.0, 30.0, 6.0}",8.449988812192913,0.6952144950802169,9.22372975870955,0.7588732682941255,9.96822413026302,0.8201258083995943,10.68165279533871,0.8788224481455151,11.36246711364151,0.934835774679072,12.0095996898375,0.988077969101966,12.622558976229438,1.038508589812233,MOF
181,RSM0967,1471.85812,"{1.0, 6.0, 7.0, 38.0, 8.0, 30.0}",10.18032533575719,0.6639982610774268,10.880822908819017,0.7096872891842494,11.555908040871048,0.7537188244228463,12.20427568672026,0.7960077469458436,12.824449960022848,0.8364577940176688,13.415215955321807,0.874989725036061,13.975826880955871,0.911554831502213,MOF
186,RSM1099,1950.5876239999957,"{1.0, 6.0, 8.0, 15.0, 26.0}",13.07738695355319,0.6972505241166931,13.91634314988192,0.7419813751405834,14.677617637395144,0.7825704498005667,15.369388833062184,0.819453798932988,15.998539712277337,0.8529984039706215,16.571116264426937,0.8835266205402754,17.092561930133805,0.91132867801581,MOF
190,RSM1162,1820.41344,"{1.0, 6.0, 8.0, 16.0, 49.0}",10.999414561172024,0.6525642727657398,11.750918797584514,0.6971489015918975,12.462997766650435,0.7393945403953109,13.136212203457784,0.7793344560087627,13.77097912901035,0.8169933891133642,14.367849508274585,0.8524040269081156,14.927651619468923,0.8856155088058698,MOF
192,RSM1208,1232.1904799999998,"{1.0, 6.0, 7.0, 8.0, 26.0}",8.943253559858757,0.7983813440795805,9.64772233671144,0.8612706186776079,10.335249450335464,0.9226474786080974,11.001491212093654,0.9821241544816204,11.642697565878214,1.0393658716196248,12.256040804318744,1.0941201951788022,12.839695701044215,1.1462241837113236,MOF
193,RSM1213,1105.40376,"{1.0, 6.0, 7.0, 8.0, 16.0, 19.0}",8.57515928606104,0.853323966861407,9.220084644742984,0.9175012313344476,9.852149839178448,0.9803987660668254,10.467769980525908,1.0416598346452612,11.06338117225689,1.1009297896257,11.63600433893872,1.1579121797842078,12.183493988414776,1.2123935047277434,MOF
195,RSM1289,1596.1694399999983,"{1.0, 7.0, 6.0, 47.0}",8.605420302721502,0.6146076286927609,9.297122675735237,0.6640096962599521,9.980182224963247,0.7127944848047031,10.647648742451176,0.7604656036012286,11.293780622638256,0.8066129815019905,11.914288316899466,0.8509302547018694,12.506314532320792,0.8932133525151137,MOF
198,RSM1440,1774.526175679998,"{1.0, 6.0, 7.0, 8.0, 11.0, 16.0, 17.0, 63.0}",9.86531725739442,0.6893667485339519,10.665063104860575,0.7452512355845875,11.428996126749146,0.7986332008733684,12.15515300183745,0.8493754518161842,12.842047569567274,0.8973741387703843,13.488950245332967,0.9425782799627268,14.095932373509225,0.9849928607817524,MOF
199,RSM1511,1232.9845199999995,"{1.0, 6.0, 7.0, 8.0, 16.0, 26.0}",8.180798555672716,0.8492744216497609,8.852086325092209,0.9189629157808106,9.515372694040185,0.9878207593694232,10.164611693601216,1.0552203013716313,10.794588220782876,1.1206201455474956,11.401277978867444,1.1836025170008082,11.981915346791377,1.2438803079127845,MOF
205,RSM1667,1728.95512,"{8.0, 1.0, 6.0, 63.0}",8.33019582297525,0.6552550837320948,9.023366560817283,0.7097800504336694,9.701766936259062,0.7631431770948643,10.361466671434394,0.815035307171581,10.998818984741764,0.8651695839998902,11.610880677837637,0.9133144949337486,12.1955873621122,0.9593076546991336,MOF
207,RSM1751,1960.2399599999983,"{56.0, 1.0, 6.0, 8.0}",9.473124171160697,0.6765688951481728,10.19031282334512,0.7277903850446542,10.882402082276764,0.7772192806021301,11.54757313070503,0.8247256822061242,12.184160568193256,0.8701906472445633,12.790924552248168,0.913525626380326,13.367167172168298,0.9546807749514314,MOF
210,RSM1823,1660.8586599999992,"{1.0, 6.0, 7.0, 8.0, 25.0}",8.480691427387406,0.7352940951301581,9.264415999601784,0.8032446926836372,10.019142209418836,0.868681070161812,10.743270334957328,0.931464528254232,11.435266217696668,0.9914620521341178,12.093961142918005,1.0485723117343373,12.7187072129569,1.1027391329409058,MOF
213,RSM1852,1663.5129600000034,"{1.0, 35.0, 6.0, 16.0, 29.0}",8.02477856058374,0.6946553110857978,8.692060037330114,0.7524177301122642,9.351431075391016,0.8094953915215085,9.996470806947617,0.8653324806080582,10.621771934890557,0.9194609211966928,11.223253244137949,0.9715274278090752,11.798189354920048,1.0212960812210825,MOF
216,RSM1862,2066.2291699999973,"{1.0, 6.0, 7.0, 8.0, 25.0}",10.550765660469777,0.7455183620452852,11.291769922780007,0.7978778117462563,11.995410263846209,0.8475971223083395,12.662226880111309,0.8947144640767284,13.292565519845112,0.9392542676654734,13.886872137833958,0.981248044293054,14.445841952053264,1.02074491814467,MOF
218,RSM1865,2206.7153599999983,"{1.0, 6.0, 7.0, 8.0, 30.0}",10.233240103433063,0.6770483779571954,10.953902822181533,0.724728635612753,11.650801067529516,0.7708365957353515,12.321577623295315,0.8152163009374791,12.96380074759911,0.8577068630860809,13.575519377017606,0.8981791965433058,14.15548848799528,0.936550928456542,MOF
219,RSM1868,2545.5433600000038,"{1.0, 6.0, 7.0, 8.0, 23.0, 28.0}",11.762072339175026,0.6746153251616784,12.498445354219198,0.7168501037499516,13.18990810759492,0.7565090479184985,13.838649408726376,0.7937176971418974,14.446321032738194,0.8285707892164027,15.014475908302128,0.8611573925859616,15.544767706344189,0.891572353780785,MOF
222,RSM1871,1861.9921199999992,"{1.0, 6.0, 7.0, 8.0, 16.0, 29.0}",9.528894347292956,0.7471667359713489,10.175924492489631,0.7979007859085284,10.80533061693164,0.8472529250403166,11.414362274413364,0.8950074891102934,12.000337764482316,0.9409542042607671,12.561144014309898,0.98492738309185,13.095421595268023,1.0268204319302556,MOF
227,RSM1883,2011.9976799999984,"{8.0, 1.0, 30.0, 6.0}",9.45286011312047,0.6953404124908488,10.201939005679003,0.7504417066924717,10.92207052167098,0.8034136685521954,11.611811045238555,0.8541501075166785,12.269762130753284,0.9025481556974198,12.894902951205252,0.9485327223530292,13.486741474802514,0.9920676142483292,MOF
228,RSM1885,1542.715520000001,"{1.0, 6.0, 7.0, 8.0, 30.0}",7.980620721775212,0.7656187103262762,8.767216770194251,0.8410805914422564,9.5273085968497,0.91399979714585,10.257029528036748,0.9840053791313628,10.953511661763184,1.050822205989702,11.614926010605746,1.1142748143025418,12.240420064809324,1.1742814187749784,MOF
